-- phpMyAdmin SQL Dump
-- version 5.2.1
-- https://www.phpmyadmin.net/
--
-- Host: db
-- Generation Time: Jun 13, 2023 at 05:03 PM
-- Server version: 10.11.2-MariaDB-1:10.11.2+maria~ubu2204
-- PHP Version: 8.1.18

SET SQL_MODE = "NO_AUTO_VALUE_ON_ZERO";
START TRANSACTION;
SET time_zone = "+00:00";


/*!40101 SET @OLD_CHARACTER_SET_CLIENT=@@CHARACTER_SET_CLIENT */;
/*!40101 SET @OLD_CHARACTER_SET_RESULTS=@@CHARACTER_SET_RESULTS */;
/*!40101 SET @OLD_COLLATION_CONNECTION=@@COLLATION_CONNECTION */;
/*!40101 SET NAMES utf8mb4 */;

--
-- Database: `Recepie_Service`
--

-- --------------------------------------------------------

--
-- Table structure for table `category`
--

DROP TABLE IF EXISTS `category`;
CREATE TABLE `category` (
  `ID` int(11) NOT NULL,
  `name` varchar(20) NOT NULL
) ENGINE=InnoDB DEFAULT CHARSET=utf8mb4 COLLATE=utf8mb4_general_ci;

--
-- Dumping data for table `category`
--

INSERT INTO `category` (`ID`, `name`) VALUES
(1, 'Ramen'),
(2, 'Nudeln'),
(3, 'Süßigkeiten');

-- --------------------------------------------------------

--
-- Table structure for table `country`
--

DROP TABLE IF EXISTS `country`;
CREATE TABLE `country` (
  `ID` int(11) NOT NULL,
  `name` varchar(100) NOT NULL,
  `short_name` varchar(2) NOT NULL
) ENGINE=InnoDB DEFAULT CHARSET=utf8mb4 COLLATE=utf8mb4_general_ci;

--
-- Dumping data for table `country`
--

INSERT INTO `country` (`ID`, `name`, `short_name`) VALUES
(3, 'Deutschland', 'DE'),
(4, 'Japan', 'JP'),
(5, 'Italien', 'IT');

-- --------------------------------------------------------

--
-- Table structure for table `ingredient`
--

DROP TABLE IF EXISTS `ingredient`;
CREATE TABLE `ingredient` (
  `ID` int(11) NOT NULL,
  `name` varchar(20) NOT NULL
) ENGINE=InnoDB DEFAULT CHARSET=utf8mb4 COLLATE=utf8mb4_general_ci;

--
-- Dumping data for table `ingredient`
--

INSERT INTO `ingredient` (`ID`, `name`) VALUES
(1, 'Zwiebel'),
(2, 'Wasser'),
(3, 'Müll'),
(8, 'Spaghetti Nudeln'),
(9, 's'),
(10, 'd');

-- --------------------------------------------------------

--
-- Table structure for table `recipie`
--

DROP TABLE IF EXISTS `recipie`;
CREATE TABLE `recipie` (
  `title` varchar(40) DEFAULT NULL COMMENT 'title of the recipe',
  `country` int(11) DEFAULT NULL COMMENT 'id of the correspondin country',
  `image_path` varchar(64) DEFAULT NULL COMMENT 'name of the image should be a md5 hex name, we dont keep the original name',
  `description` text DEFAULT NULL COMMENT 'description',
  `id` uuid NOT NULL DEFAULT uuid() COMMENT 'primary key',
  `score` float UNSIGNED NOT NULL DEFAULT 0 COMMENT '"Nutriscore", score of the recipe',
  `slug` varchar(40) NOT NULL DEFAULT uuid() COMMENT 'referer for the detail.php view'
) ENGINE=InnoDB DEFAULT CHARSET=utf8mb4 COLLATE=utf8mb4_general_ci COMMENT='stores the recipies';

--
-- Dumping data for table `recipie`
--

INSERT INTO `recipie` (`title`, `country`, `image_path`, `description`, `id`, `score`, `slug`) VALUES
('Leitungswasser', 3, 'c3088096c996ba7286364497221155e5-1702189647_03d15f58b0_o.jpg', 'Leckeres Wasser aus der Leitung.Man öffne den Hahn und zapfe dieses exquisite Gut.', '4e605ea3-dad7-11ed-9a45-0242ac130002', 5, 'leitungswasser'),
('Zwiebelramen', 4, 'aa29a06b23357e9bb6d94bf4f11e863a-522_2PV2_Miso_Onion_Ramen_4.jpg', 'Zwiebelramen ist Ramen mit Zwiebeln.', 'd958a0b6-e446-11ed-9b5e-0242ac140005', 0, 'zwiebelramen'),
('Müll', 3, 'd71bd869f724bd9bedb65b2490e1e1ee-mehr-muell-durch-corona-sel.jpg', 'Müll findet man überall, hat aber nicht so viel Nährwert.', 'f4446ad6-dae7-11ed-89a6-0242ac150002', 1.4, 'muell'),
('Spaghetti mit Tomatensoße', 3, 'd03cefacf5fb4aae95e32a33f9e786d1-spaghetti-with-tomato-sauce.jpg', 'Die beste Form der Nudeln.', 'bd76b524-fe2e-11ed-b25f-0242c0a87005', 0, 'bd76b524-fe2e-11ed-b25f-0242c0a87005'),
('awfawfaf', 3, NULL, 'wafafwawf', '0569d4e3-0a06-11ee-ac1e-6ea18f847757', 0, '0569d4e3-0a06-11ee-ac1e-6ea18f847757'),
('syvysvvs', 4, NULL, 'scscysvsv', '4e7ca145-0a06-11ee-ac1e-6ea18f847757', 0, '4e7ca145-0a06-11ee-ac1e-6ea18f847757'),
('esdrxctfvgzbhnijkmo,püö', 4, NULL, 'dsxfcgvh bjnkml,.', '8c47dad3-0a09-11ee-ac1e-6ea18f847757', 0, '8c47dad3-0a09-11ee-ac1e-6ea18f847757');

-- --------------------------------------------------------

--
-- Table structure for table `recipie_category`
--

DROP TABLE IF EXISTS `recipie_category`;
CREATE TABLE `recipie_category` (
  `ID` int(11) NOT NULL,
  `recipie` uuid NOT NULL,
  `category` int(11) NOT NULL
) ENGINE=InnoDB DEFAULT CHARSET=utf8mb4 COLLATE=utf8mb4_general_ci;

--
-- Dumping data for table `recipie_category`
--

INSERT INTO `recipie_category` (`ID`, `recipie`, `category`) VALUES
(1, 'd958a0b6-e446-11ed-9b5e-0242ac140005', 1),
(24, 'bd76b524-fe2e-11ed-b25f-0242c0a87005', 2),
(25, '0569d4e3-0a06-11ee-ac1e-6ea18f847757', 1),
(26, '4e7ca145-0a06-11ee-ac1e-6ea18f847757', 2),
(27, '8c47dad3-0a09-11ee-ac1e-6ea18f847757', 3);

-- --------------------------------------------------------

--
-- Table structure for table `recipie_country`
--

DROP TABLE IF EXISTS `recipie_country`;
CREATE TABLE `recipie_country` (
  `ID` int(11) NOT NULL,
  `recipie` uuid NOT NULL,
  `country` int(11) NOT NULL
) ENGINE=InnoDB DEFAULT CHARSET=utf8mb4 COLLATE=utf8mb4_general_ci;

--
-- Dumping data for table `recipie_country`
--

INSERT INTO `recipie_country` (`ID`, `recipie`, `country`) VALUES
(1, 'bd76b524-fe2e-11ed-b25f-0242c0a87005', 5),
(2, '0569d4e3-0a06-11ee-ac1e-6ea18f847757', 3),
(3, '4e7ca145-0a06-11ee-ac1e-6ea18f847757', 4),
(4, '4e7ca145-0a06-11ee-ac1e-6ea18f847757', 4),
(5, '8c47dad3-0a09-11ee-ac1e-6ea18f847757', 4),
(6, '8c47dad3-0a09-11ee-ac1e-6ea18f847757', 4);

-- --------------------------------------------------------

--
-- Table structure for table `recipie_ingredient`
--

DROP TABLE IF EXISTS `recipie_ingredient`;
CREATE TABLE `recipie_ingredient` (
  `ID` int(11) NOT NULL,
  `recipie` uuid NOT NULL,
  `ingredient` int(11) NOT NULL
) ENGINE=InnoDB DEFAULT CHARSET=utf8mb4 COLLATE=utf8mb4_general_ci;

--
-- Dumping data for table `recipie_ingredient`
--

INSERT INTO `recipie_ingredient` (`ID`, `recipie`, `ingredient`) VALUES
(1, '4e605ea3-dad7-11ed-9a45-0242ac130002', 1),
(2, 'f4446ad6-dae7-11ed-89a6-0242ac150002', 1),
(3, 'd958a0b6-e446-11ed-9b5e-0242ac140005', 1),
(4, 'd958a0b6-e446-11ed-9b5e-0242ac140005', 2),
(69, 'bd76b524-fe2e-11ed-b25f-0242c0a87005', 8),
(70, '0569d4e3-0a06-11ee-ac1e-6ea18f847757', 9),
(71, '4e7ca145-0a06-11ee-ac1e-6ea18f847757', 9),
(72, '8c47dad3-0a09-11ee-ac1e-6ea18f847757', 10);

-- --------------------------------------------------------

--
-- Table structure for table `recipie_tag`
--

DROP TABLE IF EXISTS `recipie_tag`;
CREATE TABLE `recipie_tag` (
  `ID` int(11) NOT NULL,
  `recipie` uuid NOT NULL,
  `tag` int(11) NOT NULL
) ENGINE=InnoDB DEFAULT CHARSET=utf8mb4 COLLATE=utf8mb4_general_ci;

--
-- Dumping data for table `recipie_tag`
--

INSERT INTO `recipie_tag` (`ID`, `recipie`, `tag`) VALUES
(12, 'bd76b524-fe2e-11ed-b25f-0242c0a87005', 12),
(13, 'bd76b524-fe2e-11ed-b25f-0242c0a87005', 1),
(14, '0569d4e3-0a06-11ee-ac1e-6ea18f847757', 13),
(15, '4e7ca145-0a06-11ee-ac1e-6ea18f847757', 13),
(16, '8c47dad3-0a09-11ee-ac1e-6ea18f847757', 14);

-- --------------------------------------------------------

--
-- Table structure for table `tag`
--

DROP TABLE IF EXISTS `tag`;
CREATE TABLE `tag` (
  `ID` int(11) NOT NULL,
  `name` varchar(20) NOT NULL
) ENGINE=InnoDB DEFAULT CHARSET=utf8mb4 COLLATE=utf8mb4_general_ci;

--
-- Dumping data for table `tag`
--

INSERT INTO `tag` (`ID`, `name`) VALUES
(1, 'Scharf'),
(2, 'Bitter'),
(12, 'Spaghetti'),
(13, 's'),
(14, 'd');

-- --------------------------------------------------------

--
-- Table structure for table `user_pass`
--

DROP TABLE IF EXISTS `user_pass`;
CREATE TABLE `user_pass` (
  `ID` int(11) NOT NULL,
  `username` varchar(100) DEFAULT NULL,
  `password` text DEFAULT NULL,
  `email` varchar(20) NOT NULL
) ENGINE=InnoDB DEFAULT CHARSET=utf8mb4 COLLATE=utf8mb4_general_ci;

--
-- Dumping data for table `user_pass`
--

INSERT INTO `user_pass` (`ID`, `username`, `password`, `email`) VALUES
(1, 'admin', '$argon2id$v=19$m=65536,t=4,p=1$bDA5S0JpVU9SUVVudFJWeA$2QDi4JZ2P9I33l0F166pxRfwvkC+eV4U3J0kUmBWg8o', 'admin@adm.de'),
(2, 'WILLIAMS', '$argon2id$v=19$m=65536,t=4,p=1$ZkRjNVJVaU83M1E1U3EuMg$ANBFNE+qN31RzlANFQGVsFoqS1LHqLJ/iNlQxt9p1YA', 'WILLIAMS@test.de'),
(3, 'JONES', '$argon2id$v=19$m=65536,t=4,p=1$ZkRjNVJVaU83M1E1U3EuMg$ANBFNE+qN31RzlANFQGVsFoqS1LHqLJ/iNlQxt9p1YA', 'JONES@test.de'),
(4, 'BROWN', '$argon2id$v=19$m=65536,t=4,p=1$ZkRjNVJVaU83M1E1U3EuMg$ANBFNE+qN31RzlANFQGVsFoqS1LHqLJ/iNlQxt9p1YA', 'BROWN@test.de'),
(5, 'DAVIS', '$argon2id$v=19$m=65536,t=4,p=1$ZkRjNVJVaU83M1E1U3EuMg$ANBFNE+qN31RzlANFQGVsFoqS1LHqLJ/iNlQxt9p1YA', 'DAVIS@test.de'),
(6, 'MILLER', '$argon2id$v=19$m=65536,t=4,p=1$ZkRjNVJVaU83M1E1U3EuMg$ANBFNE+qN31RzlANFQGVsFoqS1LHqLJ/iNlQxt9p1YA', 'MILLER@test.de'),
(7, 'WILSON', '$argon2id$v=19$m=65536,t=4,p=1$ZkRjNVJVaU83M1E1U3EuMg$ANBFNE+qN31RzlANFQGVsFoqS1LHqLJ/iNlQxt9p1YA', 'WILSON@test.de'),
(8, 'MOORE', '$argon2id$v=19$m=65536,t=4,p=1$ZkRjNVJVaU83M1E1U3EuMg$ANBFNE+qN31RzlANFQGVsFoqS1LHqLJ/iNlQxt9p1YA', 'MOORE@test.de'),
(9, 'TAYLOR', '$argon2id$v=19$m=65536,t=4,p=1$ZkRjNVJVaU83M1E1U3EuMg$ANBFNE+qN31RzlANFQGVsFoqS1LHqLJ/iNlQxt9p1YA', 'TAYLOR@test.de'),
(10, 'ANDERSON', '$argon2id$v=19$m=65536,t=4,p=1$ZkRjNVJVaU83M1E1U3EuMg$ANBFNE+qN31RzlANFQGVsFoqS1LHqLJ/iNlQxt9p1YA', 'ANDERSON@test.de'),
(11, 'THOMAS', '$argon2id$v=19$m=65536,t=4,p=1$ZkRjNVJVaU83M1E1U3EuMg$ANBFNE+qN31RzlANFQGVsFoqS1LHqLJ/iNlQxt9p1YA', 'THOMAS@test.de'),
(12, 'JACKSON', '$argon2id$v=19$m=65536,t=4,p=1$ZkRjNVJVaU83M1E1U3EuMg$ANBFNE+qN31RzlANFQGVsFoqS1LHqLJ/iNlQxt9p1YA', 'JACKSON@test.de'),
(13, 'WHITE', '$argon2id$v=19$m=65536,t=4,p=1$ZkRjNVJVaU83M1E1U3EuMg$ANBFNE+qN31RzlANFQGVsFoqS1LHqLJ/iNlQxt9p1YA', 'WHITE@test.de'),
(14, 'HARRIS', '$argon2id$v=19$m=65536,t=4,p=1$ZkRjNVJVaU83M1E1U3EuMg$ANBFNE+qN31RzlANFQGVsFoqS1LHqLJ/iNlQxt9p1YA', 'HARRIS@test.de'),
(15, 'MARTIN', '$argon2id$v=19$m=65536,t=4,p=1$ZkRjNVJVaU83M1E1U3EuMg$ANBFNE+qN31RzlANFQGVsFoqS1LHqLJ/iNlQxt9p1YA', 'MARTIN@test.de'),
(16, 'THOMPSON', '$argon2id$v=19$m=65536,t=4,p=1$ZkRjNVJVaU83M1E1U3EuMg$ANBFNE+qN31RzlANFQGVsFoqS1LHqLJ/iNlQxt9p1YA', 'THOMPSON@test.de'),
(17, 'GARCIA', '$argon2id$v=19$m=65536,t=4,p=1$ZkRjNVJVaU83M1E1U3EuMg$ANBFNE+qN31RzlANFQGVsFoqS1LHqLJ/iNlQxt9p1YA', 'GARCIA@test.de'),
(18, 'MARTINEZ', '$argon2id$v=19$m=65536,t=4,p=1$ZkRjNVJVaU83M1E1U3EuMg$ANBFNE+qN31RzlANFQGVsFoqS1LHqLJ/iNlQxt9p1YA', 'MARTINEZ@test.de'),
(19, 'ROBINSON', '$argon2id$v=19$m=65536,t=4,p=1$ZkRjNVJVaU83M1E1U3EuMg$ANBFNE+qN31RzlANFQGVsFoqS1LHqLJ/iNlQxt9p1YA', 'ROBINSON@test.de'),
(20, 'CLARK', '$argon2id$v=19$m=65536,t=4,p=1$ZkRjNVJVaU83M1E1U3EuMg$ANBFNE+qN31RzlANFQGVsFoqS1LHqLJ/iNlQxt9p1YA', 'CLARK@test.de'),
(21, 'RODRIGUEZ', '$argon2id$v=19$m=65536,t=4,p=1$ZkRjNVJVaU83M1E1U3EuMg$ANBFNE+qN31RzlANFQGVsFoqS1LHqLJ/iNlQxt9p1YA', 'RODRIGUEZ@test.de'),
(22, 'LEWIS', '$argon2id$v=19$m=65536,t=4,p=1$ZkRjNVJVaU83M1E1U3EuMg$ANBFNE+qN31RzlANFQGVsFoqS1LHqLJ/iNlQxt9p1YA', 'LEWIS@test.de'),
(23, 'LEE', '$argon2id$v=19$m=65536,t=4,p=1$ZkRjNVJVaU83M1E1U3EuMg$ANBFNE+qN31RzlANFQGVsFoqS1LHqLJ/iNlQxt9p1YA', 'LEE@test.de'),
(24, 'WALKER', '$argon2id$v=19$m=65536,t=4,p=1$ZkRjNVJVaU83M1E1U3EuMg$ANBFNE+qN31RzlANFQGVsFoqS1LHqLJ/iNlQxt9p1YA', 'WALKER@test.de'),
(25, 'HALL', '$argon2id$v=19$m=65536,t=4,p=1$ZkRjNVJVaU83M1E1U3EuMg$ANBFNE+qN31RzlANFQGVsFoqS1LHqLJ/iNlQxt9p1YA', 'HALL@test.de'),
(26, 'ALLEN', '$argon2id$v=19$m=65536,t=4,p=1$ZkRjNVJVaU83M1E1U3EuMg$ANBFNE+qN31RzlANFQGVsFoqS1LHqLJ/iNlQxt9p1YA', 'ALLEN@test.de'),
(27, 'YOUNG', '$argon2id$v=19$m=65536,t=4,p=1$ZkRjNVJVaU83M1E1U3EuMg$ANBFNE+qN31RzlANFQGVsFoqS1LHqLJ/iNlQxt9p1YA', 'YOUNG@test.de'),
(28, 'HERNANDEZ', '$argon2id$v=19$m=65536,t=4,p=1$ZkRjNVJVaU83M1E1U3EuMg$ANBFNE+qN31RzlANFQGVsFoqS1LHqLJ/iNlQxt9p1YA', 'HERNANDEZ@test.de'),
(29, 'KING', '$argon2id$v=19$m=65536,t=4,p=1$ZkRjNVJVaU83M1E1U3EuMg$ANBFNE+qN31RzlANFQGVsFoqS1LHqLJ/iNlQxt9p1YA', 'KING@test.de'),
(30, 'WRIGHT', '$argon2id$v=19$m=65536,t=4,p=1$ZkRjNVJVaU83M1E1U3EuMg$ANBFNE+qN31RzlANFQGVsFoqS1LHqLJ/iNlQxt9p1YA', 'WRIGHT@test.de'),
(31, 'LOPEZ', '$argon2id$v=19$m=65536,t=4,p=1$ZkRjNVJVaU83M1E1U3EuMg$ANBFNE+qN31RzlANFQGVsFoqS1LHqLJ/iNlQxt9p1YA', 'LOPEZ@test.de'),
(32, 'HILL', '$argon2id$v=19$m=65536,t=4,p=1$ZkRjNVJVaU83M1E1U3EuMg$ANBFNE+qN31RzlANFQGVsFoqS1LHqLJ/iNlQxt9p1YA', 'HILL@test.de'),
(33, 'SCOTT', '$argon2id$v=19$m=65536,t=4,p=1$ZkRjNVJVaU83M1E1U3EuMg$ANBFNE+qN31RzlANFQGVsFoqS1LHqLJ/iNlQxt9p1YA', 'SCOTT@test.de'),
(34, 'GREEN', '$argon2id$v=19$m=65536,t=4,p=1$ZkRjNVJVaU83M1E1U3EuMg$ANBFNE+qN31RzlANFQGVsFoqS1LHqLJ/iNlQxt9p1YA', 'GREEN@test.de'),
(35, 'ADAMS', '$argon2id$v=19$m=65536,t=4,p=1$ZkRjNVJVaU83M1E1U3EuMg$ANBFNE+qN31RzlANFQGVsFoqS1LHqLJ/iNlQxt9p1YA', 'ADAMS@test.de'),
(36, 'BAKER', '$argon2id$v=19$m=65536,t=4,p=1$ZkRjNVJVaU83M1E1U3EuMg$ANBFNE+qN31RzlANFQGVsFoqS1LHqLJ/iNlQxt9p1YA', 'BAKER@test.de'),
(37, 'GONZALEZ', '$argon2id$v=19$m=65536,t=4,p=1$ZkRjNVJVaU83M1E1U3EuMg$ANBFNE+qN31RzlANFQGVsFoqS1LHqLJ/iNlQxt9p1YA', 'GONZALEZ@test.de'),
(38, 'NELSON', '$argon2id$v=19$m=65536,t=4,p=1$ZkRjNVJVaU83M1E1U3EuMg$ANBFNE+qN31RzlANFQGVsFoqS1LHqLJ/iNlQxt9p1YA', 'NELSON@test.de'),
(39, 'CARTER', '$argon2id$v=19$m=65536,t=4,p=1$ZkRjNVJVaU83M1E1U3EuMg$ANBFNE+qN31RzlANFQGVsFoqS1LHqLJ/iNlQxt9p1YA', 'CARTER@test.de'),
(40, 'MITCHELL', '$argon2id$v=19$m=65536,t=4,p=1$ZkRjNVJVaU83M1E1U3EuMg$ANBFNE+qN31RzlANFQGVsFoqS1LHqLJ/iNlQxt9p1YA', 'MITCHELL@test.de'),
(41, 'PEREZ', '$argon2id$v=19$m=65536,t=4,p=1$ZkRjNVJVaU83M1E1U3EuMg$ANBFNE+qN31RzlANFQGVsFoqS1LHqLJ/iNlQxt9p1YA', 'PEREZ@test.de'),
(42, 'ROBERTS', '$argon2id$v=19$m=65536,t=4,p=1$ZkRjNVJVaU83M1E1U3EuMg$ANBFNE+qN31RzlANFQGVsFoqS1LHqLJ/iNlQxt9p1YA', 'ROBERTS@test.de'),
(43, 'TURNER', '$argon2id$v=19$m=65536,t=4,p=1$ZkRjNVJVaU83M1E1U3EuMg$ANBFNE+qN31RzlANFQGVsFoqS1LHqLJ/iNlQxt9p1YA', 'TURNER@test.de'),
(44, 'PHILLIPS', '$argon2id$v=19$m=65536,t=4,p=1$ZkRjNVJVaU83M1E1U3EuMg$ANBFNE+qN31RzlANFQGVsFoqS1LHqLJ/iNlQxt9p1YA', 'PHILLIPS@test.de'),
(45, 'CAMPBELL', '$argon2id$v=19$m=65536,t=4,p=1$ZkRjNVJVaU83M1E1U3EuMg$ANBFNE+qN31RzlANFQGVsFoqS1LHqLJ/iNlQxt9p1YA', 'CAMPBELL@test.de'),
(46, 'PARKER', '$argon2id$v=19$m=65536,t=4,p=1$ZkRjNVJVaU83M1E1U3EuMg$ANBFNE+qN31RzlANFQGVsFoqS1LHqLJ/iNlQxt9p1YA', 'PARKER@test.de'),
(47, 'EVANS', '$argon2id$v=19$m=65536,t=4,p=1$ZkRjNVJVaU83M1E1U3EuMg$ANBFNE+qN31RzlANFQGVsFoqS1LHqLJ/iNlQxt9p1YA', 'EVANS@test.de'),
(48, 'EDWARDS', '$argon2id$v=19$m=65536,t=4,p=1$ZkRjNVJVaU83M1E1U3EuMg$ANBFNE+qN31RzlANFQGVsFoqS1LHqLJ/iNlQxt9p1YA', 'EDWARDS@test.de'),
(49, 'COLLINS', '$argon2id$v=19$m=65536,t=4,p=1$ZkRjNVJVaU83M1E1U3EuMg$ANBFNE+qN31RzlANFQGVsFoqS1LHqLJ/iNlQxt9p1YA', 'COLLINS@test.de'),
(50, 'STEWART', '$argon2id$v=19$m=65536,t=4,p=1$ZkRjNVJVaU83M1E1U3EuMg$ANBFNE+qN31RzlANFQGVsFoqS1LHqLJ/iNlQxt9p1YA', 'STEWART@test.de'),
(51, 'SANCHEZ', '$argon2id$v=19$m=65536,t=4,p=1$ZkRjNVJVaU83M1E1U3EuMg$ANBFNE+qN31RzlANFQGVsFoqS1LHqLJ/iNlQxt9p1YA', 'SANCHEZ@test.de'),
(52, 'MORRIS', '$argon2id$v=19$m=65536,t=4,p=1$ZkRjNVJVaU83M1E1U3EuMg$ANBFNE+qN31RzlANFQGVsFoqS1LHqLJ/iNlQxt9p1YA', 'MORRIS@test.de'),
(53, 'ROGERS', '$argon2id$v=19$m=65536,t=4,p=1$ZkRjNVJVaU83M1E1U3EuMg$ANBFNE+qN31RzlANFQGVsFoqS1LHqLJ/iNlQxt9p1YA', 'ROGERS@test.de'),
(54, 'REED', '$argon2id$v=19$m=65536,t=4,p=1$ZkRjNVJVaU83M1E1U3EuMg$ANBFNE+qN31RzlANFQGVsFoqS1LHqLJ/iNlQxt9p1YA', 'REED@test.de'),
(55, 'COOK', '$argon2id$v=19$m=65536,t=4,p=1$ZkRjNVJVaU83M1E1U3EuMg$ANBFNE+qN31RzlANFQGVsFoqS1LHqLJ/iNlQxt9p1YA', 'COOK@test.de'),
(56, 'MORGAN', '$argon2id$v=19$m=65536,t=4,p=1$ZkRjNVJVaU83M1E1U3EuMg$ANBFNE+qN31RzlANFQGVsFoqS1LHqLJ/iNlQxt9p1YA', 'MORGAN@test.de'),
(57, 'BELL', '$argon2id$v=19$m=65536,t=4,p=1$ZkRjNVJVaU83M1E1U3EuMg$ANBFNE+qN31RzlANFQGVsFoqS1LHqLJ/iNlQxt9p1YA', 'BELL@test.de'),
(58, 'MURPHY', '$argon2id$v=19$m=65536,t=4,p=1$ZkRjNVJVaU83M1E1U3EuMg$ANBFNE+qN31RzlANFQGVsFoqS1LHqLJ/iNlQxt9p1YA', 'MURPHY@test.de'),
(59, 'BAILEY', '$argon2id$v=19$m=65536,t=4,p=1$ZkRjNVJVaU83M1E1U3EuMg$ANBFNE+qN31RzlANFQGVsFoqS1LHqLJ/iNlQxt9p1YA', 'BAILEY@test.de'),
(60, 'RIVERA', '$argon2id$v=19$m=65536,t=4,p=1$ZkRjNVJVaU83M1E1U3EuMg$ANBFNE+qN31RzlANFQGVsFoqS1LHqLJ/iNlQxt9p1YA', 'RIVERA@test.de'),
(61, 'COOPER', '$argon2id$v=19$m=65536,t=4,p=1$ZkRjNVJVaU83M1E1U3EuMg$ANBFNE+qN31RzlANFQGVsFoqS1LHqLJ/iNlQxt9p1YA', 'COOPER@test.de'),
(62, 'RICHARDSON', '$argon2id$v=19$m=65536,t=4,p=1$ZkRjNVJVaU83M1E1U3EuMg$ANBFNE+qN31RzlANFQGVsFoqS1LHqLJ/iNlQxt9p1YA', 'RICHARDSON@test.de'),
(63, 'COX', '$argon2id$v=19$m=65536,t=4,p=1$ZkRjNVJVaU83M1E1U3EuMg$ANBFNE+qN31RzlANFQGVsFoqS1LHqLJ/iNlQxt9p1YA', 'COX@test.de'),
(64, 'HOWARD', '$argon2id$v=19$m=65536,t=4,p=1$ZkRjNVJVaU83M1E1U3EuMg$ANBFNE+qN31RzlANFQGVsFoqS1LHqLJ/iNlQxt9p1YA', 'HOWARD@test.de'),
(65, 'WARD', '$argon2id$v=19$m=65536,t=4,p=1$ZkRjNVJVaU83M1E1U3EuMg$ANBFNE+qN31RzlANFQGVsFoqS1LHqLJ/iNlQxt9p1YA', 'WARD@test.de'),
(66, 'TORRES', '$argon2id$v=19$m=65536,t=4,p=1$ZkRjNVJVaU83M1E1U3EuMg$ANBFNE+qN31RzlANFQGVsFoqS1LHqLJ/iNlQxt9p1YA', 'TORRES@test.de'),
(67, 'PETERSON', '$argon2id$v=19$m=65536,t=4,p=1$ZkRjNVJVaU83M1E1U3EuMg$ANBFNE+qN31RzlANFQGVsFoqS1LHqLJ/iNlQxt9p1YA', 'PETERSON@test.de'),
(68, 'GRAY', '$argon2id$v=19$m=65536,t=4,p=1$ZkRjNVJVaU83M1E1U3EuMg$ANBFNE+qN31RzlANFQGVsFoqS1LHqLJ/iNlQxt9p1YA', 'GRAY@test.de'),
(69, 'RAMIREZ', '$argon2id$v=19$m=65536,t=4,p=1$ZkRjNVJVaU83M1E1U3EuMg$ANBFNE+qN31RzlANFQGVsFoqS1LHqLJ/iNlQxt9p1YA', 'RAMIREZ@test.de'),
(70, 'JAMES', '$argon2id$v=19$m=65536,t=4,p=1$ZkRjNVJVaU83M1E1U3EuMg$ANBFNE+qN31RzlANFQGVsFoqS1LHqLJ/iNlQxt9p1YA', 'JAMES@test.de'),
(71, 'WATSON', '$argon2id$v=19$m=65536,t=4,p=1$ZkRjNVJVaU83M1E1U3EuMg$ANBFNE+qN31RzlANFQGVsFoqS1LHqLJ/iNlQxt9p1YA', 'WATSON@test.de'),
(72, 'BROOKS', '$argon2id$v=19$m=65536,t=4,p=1$ZkRjNVJVaU83M1E1U3EuMg$ANBFNE+qN31RzlANFQGVsFoqS1LHqLJ/iNlQxt9p1YA', 'BROOKS@test.de'),
(73, 'KELLY', '$argon2id$v=19$m=65536,t=4,p=1$ZkRjNVJVaU83M1E1U3EuMg$ANBFNE+qN31RzlANFQGVsFoqS1LHqLJ/iNlQxt9p1YA', 'KELLY@test.de'),
(74, 'SANDERS', '$argon2id$v=19$m=65536,t=4,p=1$ZkRjNVJVaU83M1E1U3EuMg$ANBFNE+qN31RzlANFQGVsFoqS1LHqLJ/iNlQxt9p1YA', 'SANDERS@test.de'),
(75, 'PRICE', '$argon2id$v=19$m=65536,t=4,p=1$ZkRjNVJVaU83M1E1U3EuMg$ANBFNE+qN31RzlANFQGVsFoqS1LHqLJ/iNlQxt9p1YA', 'PRICE@test.de'),
(76, 'BENNETT', '$argon2id$v=19$m=65536,t=4,p=1$ZkRjNVJVaU83M1E1U3EuMg$ANBFNE+qN31RzlANFQGVsFoqS1LHqLJ/iNlQxt9p1YA', 'BENNETT@test.de'),
(77, 'WOOD', '$argon2id$v=19$m=65536,t=4,p=1$ZkRjNVJVaU83M1E1U3EuMg$ANBFNE+qN31RzlANFQGVsFoqS1LHqLJ/iNlQxt9p1YA', 'WOOD@test.de'),
(78, 'BARNES', '$argon2id$v=19$m=65536,t=4,p=1$ZkRjNVJVaU83M1E1U3EuMg$ANBFNE+qN31RzlANFQGVsFoqS1LHqLJ/iNlQxt9p1YA', 'BARNES@test.de'),
(79, 'ROSS', '$argon2id$v=19$m=65536,t=4,p=1$ZkRjNVJVaU83M1E1U3EuMg$ANBFNE+qN31RzlANFQGVsFoqS1LHqLJ/iNlQxt9p1YA', 'ROSS@test.de'),
(80, 'HENDERSON', '$argon2id$v=19$m=65536,t=4,p=1$ZkRjNVJVaU83M1E1U3EuMg$ANBFNE+qN31RzlANFQGVsFoqS1LHqLJ/iNlQxt9p1YA', 'HENDERSON@test.de'),
(81, 'COLEMAN', '$argon2id$v=19$m=65536,t=4,p=1$ZkRjNVJVaU83M1E1U3EuMg$ANBFNE+qN31RzlANFQGVsFoqS1LHqLJ/iNlQxt9p1YA', 'COLEMAN@test.de'),
(82, 'JENKINS', '$argon2id$v=19$m=65536,t=4,p=1$ZkRjNVJVaU83M1E1U3EuMg$ANBFNE+qN31RzlANFQGVsFoqS1LHqLJ/iNlQxt9p1YA', 'JENKINS@test.de'),
(83, 'PERRY', '$argon2id$v=19$m=65536,t=4,p=1$ZkRjNVJVaU83M1E1U3EuMg$ANBFNE+qN31RzlANFQGVsFoqS1LHqLJ/iNlQxt9p1YA', 'PERRY@test.de'),
(84, 'POWELL', '$argon2id$v=19$m=65536,t=4,p=1$ZkRjNVJVaU83M1E1U3EuMg$ANBFNE+qN31RzlANFQGVsFoqS1LHqLJ/iNlQxt9p1YA', 'POWELL@test.de'),
(85, 'LONG', '$argon2id$v=19$m=65536,t=4,p=1$ZkRjNVJVaU83M1E1U3EuMg$ANBFNE+qN31RzlANFQGVsFoqS1LHqLJ/iNlQxt9p1YA', 'LONG@test.de'),
(86, 'PATTERSON', '$argon2id$v=19$m=65536,t=4,p=1$ZkRjNVJVaU83M1E1U3EuMg$ANBFNE+qN31RzlANFQGVsFoqS1LHqLJ/iNlQxt9p1YA', 'PATTERSON@test.de'),
(87, 'HUGHES', '$argon2id$v=19$m=65536,t=4,p=1$ZkRjNVJVaU83M1E1U3EuMg$ANBFNE+qN31RzlANFQGVsFoqS1LHqLJ/iNlQxt9p1YA', 'HUGHES@test.de'),
(88, 'FLORES', '$argon2id$v=19$m=65536,t=4,p=1$ZkRjNVJVaU83M1E1U3EuMg$ANBFNE+qN31RzlANFQGVsFoqS1LHqLJ/iNlQxt9p1YA', 'FLORES@test.de'),
(89, 'WASHINGTON', '$argon2id$v=19$m=65536,t=4,p=1$ZkRjNVJVaU83M1E1U3EuMg$ANBFNE+qN31RzlANFQGVsFoqS1LHqLJ/iNlQxt9p1YA', 'WASHINGTON@test.de'),
(90, 'BUTLER', '$argon2id$v=19$m=65536,t=4,p=1$ZkRjNVJVaU83M1E1U3EuMg$ANBFNE+qN31RzlANFQGVsFoqS1LHqLJ/iNlQxt9p1YA', 'BUTLER@test.de'),
(91, 'SIMMONS', '$argon2id$v=19$m=65536,t=4,p=1$ZkRjNVJVaU83M1E1U3EuMg$ANBFNE+qN31RzlANFQGVsFoqS1LHqLJ/iNlQxt9p1YA', 'SIMMONS@test.de'),
(92, 'FOSTER', '$argon2id$v=19$m=65536,t=4,p=1$ZkRjNVJVaU83M1E1U3EuMg$ANBFNE+qN31RzlANFQGVsFoqS1LHqLJ/iNlQxt9p1YA', 'FOSTER@test.de'),
(93, 'GONZALES', '$argon2id$v=19$m=65536,t=4,p=1$ZkRjNVJVaU83M1E1U3EuMg$ANBFNE+qN31RzlANFQGVsFoqS1LHqLJ/iNlQxt9p1YA', 'GONZALES@test.de'),
(94, 'BRYANT', '$argon2id$v=19$m=65536,t=4,p=1$ZkRjNVJVaU83M1E1U3EuMg$ANBFNE+qN31RzlANFQGVsFoqS1LHqLJ/iNlQxt9p1YA', 'BRYANT@test.de'),
(95, 'ALEXANDER', '$argon2id$v=19$m=65536,t=4,p=1$ZkRjNVJVaU83M1E1U3EuMg$ANBFNE+qN31RzlANFQGVsFoqS1LHqLJ/iNlQxt9p1YA', 'ALEXANDER@test.de'),
(96, 'RUSSELL', '$argon2id$v=19$m=65536,t=4,p=1$ZkRjNVJVaU83M1E1U3EuMg$ANBFNE+qN31RzlANFQGVsFoqS1LHqLJ/iNlQxt9p1YA', 'RUSSELL@test.de'),
(97, 'GRIFFIN', '$argon2id$v=19$m=65536,t=4,p=1$ZkRjNVJVaU83M1E1U3EuMg$ANBFNE+qN31RzlANFQGVsFoqS1LHqLJ/iNlQxt9p1YA', 'GRIFFIN@test.de'),
(98, 'DIAZ', '$argon2id$v=19$m=65536,t=4,p=1$ZkRjNVJVaU83M1E1U3EuMg$ANBFNE+qN31RzlANFQGVsFoqS1LHqLJ/iNlQxt9p1YA', 'DIAZ@test.de'),
(99, 'HAYES', '$argon2id$v=19$m=65536,t=4,p=1$ZkRjNVJVaU83M1E1U3EuMg$ANBFNE+qN31RzlANFQGVsFoqS1LHqLJ/iNlQxt9p1YA', 'HAYES@test.de'),
(100, 'MYERS', '$argon2id$v=19$m=65536,t=4,p=1$ZkRjNVJVaU83M1E1U3EuMg$ANBFNE+qN31RzlANFQGVsFoqS1LHqLJ/iNlQxt9p1YA', 'MYERS@test.de'),
(101, 'FORD', '$argon2id$v=19$m=65536,t=4,p=1$ZkRjNVJVaU83M1E1U3EuMg$ANBFNE+qN31RzlANFQGVsFoqS1LHqLJ/iNlQxt9p1YA', 'FORD@test.de'),
(102, 'HAMILTON', '$argon2id$v=19$m=65536,t=4,p=1$ZkRjNVJVaU83M1E1U3EuMg$ANBFNE+qN31RzlANFQGVsFoqS1LHqLJ/iNlQxt9p1YA', 'HAMILTON@test.de'),
(103, 'GRAHAM', '$argon2id$v=19$m=65536,t=4,p=1$ZkRjNVJVaU83M1E1U3EuMg$ANBFNE+qN31RzlANFQGVsFoqS1LHqLJ/iNlQxt9p1YA', 'GRAHAM@test.de'),
(104, 'SULLIVAN', '$argon2id$v=19$m=65536,t=4,p=1$ZkRjNVJVaU83M1E1U3EuMg$ANBFNE+qN31RzlANFQGVsFoqS1LHqLJ/iNlQxt9p1YA', 'SULLIVAN@test.de'),
(105, 'WALLACE', '$argon2id$v=19$m=65536,t=4,p=1$ZkRjNVJVaU83M1E1U3EuMg$ANBFNE+qN31RzlANFQGVsFoqS1LHqLJ/iNlQxt9p1YA', 'WALLACE@test.de'),
(106, 'WOODS', '$argon2id$v=19$m=65536,t=4,p=1$ZkRjNVJVaU83M1E1U3EuMg$ANBFNE+qN31RzlANFQGVsFoqS1LHqLJ/iNlQxt9p1YA', 'WOODS@test.de'),
(107, 'COLE', '$argon2id$v=19$m=65536,t=4,p=1$ZkRjNVJVaU83M1E1U3EuMg$ANBFNE+qN31RzlANFQGVsFoqS1LHqLJ/iNlQxt9p1YA', 'COLE@test.de'),
(108, 'WEST', '$argon2id$v=19$m=65536,t=4,p=1$ZkRjNVJVaU83M1E1U3EuMg$ANBFNE+qN31RzlANFQGVsFoqS1LHqLJ/iNlQxt9p1YA', 'WEST@test.de'),
(109, 'JORDAN', '$argon2id$v=19$m=65536,t=4,p=1$ZkRjNVJVaU83M1E1U3EuMg$ANBFNE+qN31RzlANFQGVsFoqS1LHqLJ/iNlQxt9p1YA', 'JORDAN@test.de'),
(110, 'OWENS', '$argon2id$v=19$m=65536,t=4,p=1$ZkRjNVJVaU83M1E1U3EuMg$ANBFNE+qN31RzlANFQGVsFoqS1LHqLJ/iNlQxt9p1YA', 'OWENS@test.de'),
(111, 'REYNOLDS', '$argon2id$v=19$m=65536,t=4,p=1$ZkRjNVJVaU83M1E1U3EuMg$ANBFNE+qN31RzlANFQGVsFoqS1LHqLJ/iNlQxt9p1YA', 'REYNOLDS@test.de'),
(112, 'FISHER', '$argon2id$v=19$m=65536,t=4,p=1$ZkRjNVJVaU83M1E1U3EuMg$ANBFNE+qN31RzlANFQGVsFoqS1LHqLJ/iNlQxt9p1YA', 'FISHER@test.de'),
(113, 'ELLIS', '$argon2id$v=19$m=65536,t=4,p=1$ZkRjNVJVaU83M1E1U3EuMg$ANBFNE+qN31RzlANFQGVsFoqS1LHqLJ/iNlQxt9p1YA', 'ELLIS@test.de'),
(114, 'HARRISON', '$argon2id$v=19$m=65536,t=4,p=1$ZkRjNVJVaU83M1E1U3EuMg$ANBFNE+qN31RzlANFQGVsFoqS1LHqLJ/iNlQxt9p1YA', 'HARRISON@test.de'),
(115, 'GIBSON', '$argon2id$v=19$m=65536,t=4,p=1$ZkRjNVJVaU83M1E1U3EuMg$ANBFNE+qN31RzlANFQGVsFoqS1LHqLJ/iNlQxt9p1YA', 'GIBSON@test.de'),
(116, 'MCDONALD', '$argon2id$v=19$m=65536,t=4,p=1$ZkRjNVJVaU83M1E1U3EuMg$ANBFNE+qN31RzlANFQGVsFoqS1LHqLJ/iNlQxt9p1YA', 'MCDONALD@test.de'),
(117, 'CRUZ', '$argon2id$v=19$m=65536,t=4,p=1$ZkRjNVJVaU83M1E1U3EuMg$ANBFNE+qN31RzlANFQGVsFoqS1LHqLJ/iNlQxt9p1YA', 'CRUZ@test.de'),
(118, 'MARSHALL', '$argon2id$v=19$m=65536,t=4,p=1$ZkRjNVJVaU83M1E1U3EuMg$ANBFNE+qN31RzlANFQGVsFoqS1LHqLJ/iNlQxt9p1YA', 'MARSHALL@test.de'),
(119, 'ORTIZ', '$argon2id$v=19$m=65536,t=4,p=1$ZkRjNVJVaU83M1E1U3EuMg$ANBFNE+qN31RzlANFQGVsFoqS1LHqLJ/iNlQxt9p1YA', 'ORTIZ@test.de'),
(120, 'GOMEZ', '$argon2id$v=19$m=65536,t=4,p=1$ZkRjNVJVaU83M1E1U3EuMg$ANBFNE+qN31RzlANFQGVsFoqS1LHqLJ/iNlQxt9p1YA', 'GOMEZ@test.de'),
(121, 'MURRAY', '$argon2id$v=19$m=65536,t=4,p=1$ZkRjNVJVaU83M1E1U3EuMg$ANBFNE+qN31RzlANFQGVsFoqS1LHqLJ/iNlQxt9p1YA', 'MURRAY@test.de'),
(122, 'FREEMAN', '$argon2id$v=19$m=65536,t=4,p=1$ZkRjNVJVaU83M1E1U3EuMg$ANBFNE+qN31RzlANFQGVsFoqS1LHqLJ/iNlQxt9p1YA', 'FREEMAN@test.de'),
(123, 'WELLS', '$argon2id$v=19$m=65536,t=4,p=1$ZkRjNVJVaU83M1E1U3EuMg$ANBFNE+qN31RzlANFQGVsFoqS1LHqLJ/iNlQxt9p1YA', 'WELLS@test.de'),
(124, 'WEBB', '$argon2id$v=19$m=65536,t=4,p=1$ZkRjNVJVaU83M1E1U3EuMg$ANBFNE+qN31RzlANFQGVsFoqS1LHqLJ/iNlQxt9p1YA', 'WEBB@test.de'),
(125, 'SIMPSON', '$argon2id$v=19$m=65536,t=4,p=1$ZkRjNVJVaU83M1E1U3EuMg$ANBFNE+qN31RzlANFQGVsFoqS1LHqLJ/iNlQxt9p1YA', 'SIMPSON@test.de'),
(126, 'STEVENS', '$argon2id$v=19$m=65536,t=4,p=1$ZkRjNVJVaU83M1E1U3EuMg$ANBFNE+qN31RzlANFQGVsFoqS1LHqLJ/iNlQxt9p1YA', 'STEVENS@test.de'),
(127, 'TUCKER', '$argon2id$v=19$m=65536,t=4,p=1$ZkRjNVJVaU83M1E1U3EuMg$ANBFNE+qN31RzlANFQGVsFoqS1LHqLJ/iNlQxt9p1YA', 'TUCKER@test.de'),
(128, 'PORTER', '$argon2id$v=19$m=65536,t=4,p=1$ZkRjNVJVaU83M1E1U3EuMg$ANBFNE+qN31RzlANFQGVsFoqS1LHqLJ/iNlQxt9p1YA', 'PORTER@test.de'),
(129, 'HUNTER', '$argon2id$v=19$m=65536,t=4,p=1$ZkRjNVJVaU83M1E1U3EuMg$ANBFNE+qN31RzlANFQGVsFoqS1LHqLJ/iNlQxt9p1YA', 'HUNTER@test.de'),
(130, 'HICKS', '$argon2id$v=19$m=65536,t=4,p=1$ZkRjNVJVaU83M1E1U3EuMg$ANBFNE+qN31RzlANFQGVsFoqS1LHqLJ/iNlQxt9p1YA', 'HICKS@test.de'),
(131, 'CRAWFORD', '$argon2id$v=19$m=65536,t=4,p=1$ZkRjNVJVaU83M1E1U3EuMg$ANBFNE+qN31RzlANFQGVsFoqS1LHqLJ/iNlQxt9p1YA', 'CRAWFORD@test.de'),
(132, 'HENRY', '$argon2id$v=19$m=65536,t=4,p=1$ZkRjNVJVaU83M1E1U3EuMg$ANBFNE+qN31RzlANFQGVsFoqS1LHqLJ/iNlQxt9p1YA', 'HENRY@test.de'),
(133, 'BOYD', '$argon2id$v=19$m=65536,t=4,p=1$ZkRjNVJVaU83M1E1U3EuMg$ANBFNE+qN31RzlANFQGVsFoqS1LHqLJ/iNlQxt9p1YA', 'BOYD@test.de'),
(134, 'MASON', '$argon2id$v=19$m=65536,t=4,p=1$ZkRjNVJVaU83M1E1U3EuMg$ANBFNE+qN31RzlANFQGVsFoqS1LHqLJ/iNlQxt9p1YA', 'MASON@test.de'),
(135, 'MORALES', '$argon2id$v=19$m=65536,t=4,p=1$ZkRjNVJVaU83M1E1U3EuMg$ANBFNE+qN31RzlANFQGVsFoqS1LHqLJ/iNlQxt9p1YA', 'MORALES@test.de'),
(136, 'KENNEDY', '$argon2id$v=19$m=65536,t=4,p=1$ZkRjNVJVaU83M1E1U3EuMg$ANBFNE+qN31RzlANFQGVsFoqS1LHqLJ/iNlQxt9p1YA', 'KENNEDY@test.de'),
(137, 'WARREN', '$argon2id$v=19$m=65536,t=4,p=1$ZkRjNVJVaU83M1E1U3EuMg$ANBFNE+qN31RzlANFQGVsFoqS1LHqLJ/iNlQxt9p1YA', 'WARREN@test.de'),
(138, 'DIXON', '$argon2id$v=19$m=65536,t=4,p=1$ZkRjNVJVaU83M1E1U3EuMg$ANBFNE+qN31RzlANFQGVsFoqS1LHqLJ/iNlQxt9p1YA', 'DIXON@test.de'),
(139, 'RAMOS', '$argon2id$v=19$m=65536,t=4,p=1$ZkRjNVJVaU83M1E1U3EuMg$ANBFNE+qN31RzlANFQGVsFoqS1LHqLJ/iNlQxt9p1YA', 'RAMOS@test.de'),
(140, 'REYES', '$argon2id$v=19$m=65536,t=4,p=1$ZkRjNVJVaU83M1E1U3EuMg$ANBFNE+qN31RzlANFQGVsFoqS1LHqLJ/iNlQxt9p1YA', 'REYES@test.de'),
(141, 'BURNS', '$argon2id$v=19$m=65536,t=4,p=1$ZkRjNVJVaU83M1E1U3EuMg$ANBFNE+qN31RzlANFQGVsFoqS1LHqLJ/iNlQxt9p1YA', 'BURNS@test.de'),
(142, 'GORDON', '$argon2id$v=19$m=65536,t=4,p=1$ZkRjNVJVaU83M1E1U3EuMg$ANBFNE+qN31RzlANFQGVsFoqS1LHqLJ/iNlQxt9p1YA', 'GORDON@test.de'),
(143, 'SHAW', '$argon2id$v=19$m=65536,t=4,p=1$ZkRjNVJVaU83M1E1U3EuMg$ANBFNE+qN31RzlANFQGVsFoqS1LHqLJ/iNlQxt9p1YA', 'SHAW@test.de'),
(144, 'HOLMES', '$argon2id$v=19$m=65536,t=4,p=1$ZkRjNVJVaU83M1E1U3EuMg$ANBFNE+qN31RzlANFQGVsFoqS1LHqLJ/iNlQxt9p1YA', 'HOLMES@test.de'),
(145, 'RICE', '$argon2id$v=19$m=65536,t=4,p=1$ZkRjNVJVaU83M1E1U3EuMg$ANBFNE+qN31RzlANFQGVsFoqS1LHqLJ/iNlQxt9p1YA', 'RICE@test.de'),
(146, 'ROBERTSON', '$argon2id$v=19$m=65536,t=4,p=1$ZkRjNVJVaU83M1E1U3EuMg$ANBFNE+qN31RzlANFQGVsFoqS1LHqLJ/iNlQxt9p1YA', 'ROBERTSON@test.de'),
(147, 'HUNT', '$argon2id$v=19$m=65536,t=4,p=1$ZkRjNVJVaU83M1E1U3EuMg$ANBFNE+qN31RzlANFQGVsFoqS1LHqLJ/iNlQxt9p1YA', 'HUNT@test.de'),
(148, 'BLACK', '$argon2id$v=19$m=65536,t=4,p=1$ZkRjNVJVaU83M1E1U3EuMg$ANBFNE+qN31RzlANFQGVsFoqS1LHqLJ/iNlQxt9p1YA', 'BLACK@test.de'),
(149, 'DANIELS', '$argon2id$v=19$m=65536,t=4,p=1$ZkRjNVJVaU83M1E1U3EuMg$ANBFNE+qN31RzlANFQGVsFoqS1LHqLJ/iNlQxt9p1YA', 'DANIELS@test.de'),
(150, 'PALMER', '$argon2id$v=19$m=65536,t=4,p=1$ZkRjNVJVaU83M1E1U3EuMg$ANBFNE+qN31RzlANFQGVsFoqS1LHqLJ/iNlQxt9p1YA', 'PALMER@test.de'),
(151, 'MILLS', '$argon2id$v=19$m=65536,t=4,p=1$ZkRjNVJVaU83M1E1U3EuMg$ANBFNE+qN31RzlANFQGVsFoqS1LHqLJ/iNlQxt9p1YA', 'MILLS@test.de'),
(152, 'NICHOLS', '$argon2id$v=19$m=65536,t=4,p=1$ZkRjNVJVaU83M1E1U3EuMg$ANBFNE+qN31RzlANFQGVsFoqS1LHqLJ/iNlQxt9p1YA', 'NICHOLS@test.de'),
(153, 'GRANT', '$argon2id$v=19$m=65536,t=4,p=1$ZkRjNVJVaU83M1E1U3EuMg$ANBFNE+qN31RzlANFQGVsFoqS1LHqLJ/iNlQxt9p1YA', 'GRANT@test.de'),
(154, 'KNIGHT', '$argon2id$v=19$m=65536,t=4,p=1$ZkRjNVJVaU83M1E1U3EuMg$ANBFNE+qN31RzlANFQGVsFoqS1LHqLJ/iNlQxt9p1YA', 'KNIGHT@test.de'),
(155, 'FERGUSON', '$argon2id$v=19$m=65536,t=4,p=1$ZkRjNVJVaU83M1E1U3EuMg$ANBFNE+qN31RzlANFQGVsFoqS1LHqLJ/iNlQxt9p1YA', 'FERGUSON@test.de'),
(156, 'ROSE', '$argon2id$v=19$m=65536,t=4,p=1$ZkRjNVJVaU83M1E1U3EuMg$ANBFNE+qN31RzlANFQGVsFoqS1LHqLJ/iNlQxt9p1YA', 'ROSE@test.de'),
(157, 'STONE', '$argon2id$v=19$m=65536,t=4,p=1$ZkRjNVJVaU83M1E1U3EuMg$ANBFNE+qN31RzlANFQGVsFoqS1LHqLJ/iNlQxt9p1YA', 'STONE@test.de'),
(158, 'HAWKINS', '$argon2id$v=19$m=65536,t=4,p=1$ZkRjNVJVaU83M1E1U3EuMg$ANBFNE+qN31RzlANFQGVsFoqS1LHqLJ/iNlQxt9p1YA', 'HAWKINS@test.de'),
(159, 'DUNN', '$argon2id$v=19$m=65536,t=4,p=1$ZkRjNVJVaU83M1E1U3EuMg$ANBFNE+qN31RzlANFQGVsFoqS1LHqLJ/iNlQxt9p1YA', 'DUNN@test.de'),
(160, 'PERKINS', '$argon2id$v=19$m=65536,t=4,p=1$ZkRjNVJVaU83M1E1U3EuMg$ANBFNE+qN31RzlANFQGVsFoqS1LHqLJ/iNlQxt9p1YA', 'PERKINS@test.de'),
(161, 'HUDSON', '$argon2id$v=19$m=65536,t=4,p=1$ZkRjNVJVaU83M1E1U3EuMg$ANBFNE+qN31RzlANFQGVsFoqS1LHqLJ/iNlQxt9p1YA', 'HUDSON@test.de'),
(162, 'SPENCER', '$argon2id$v=19$m=65536,t=4,p=1$ZkRjNVJVaU83M1E1U3EuMg$ANBFNE+qN31RzlANFQGVsFoqS1LHqLJ/iNlQxt9p1YA', 'SPENCER@test.de'),
(163, 'GARDNER', '$argon2id$v=19$m=65536,t=4,p=1$ZkRjNVJVaU83M1E1U3EuMg$ANBFNE+qN31RzlANFQGVsFoqS1LHqLJ/iNlQxt9p1YA', 'GARDNER@test.de'),
(164, 'STEPHENS', '$argon2id$v=19$m=65536,t=4,p=1$ZkRjNVJVaU83M1E1U3EuMg$ANBFNE+qN31RzlANFQGVsFoqS1LHqLJ/iNlQxt9p1YA', 'STEPHENS@test.de'),
(165, 'PAYNE', '$argon2id$v=19$m=65536,t=4,p=1$ZkRjNVJVaU83M1E1U3EuMg$ANBFNE+qN31RzlANFQGVsFoqS1LHqLJ/iNlQxt9p1YA', 'PAYNE@test.de'),
(166, 'PIERCE', '$argon2id$v=19$m=65536,t=4,p=1$ZkRjNVJVaU83M1E1U3EuMg$ANBFNE+qN31RzlANFQGVsFoqS1LHqLJ/iNlQxt9p1YA', 'PIERCE@test.de'),
(167, 'BERRY', '$argon2id$v=19$m=65536,t=4,p=1$ZkRjNVJVaU83M1E1U3EuMg$ANBFNE+qN31RzlANFQGVsFoqS1LHqLJ/iNlQxt9p1YA', 'BERRY@test.de'),
(168, 'MATTHEWS', '$argon2id$v=19$m=65536,t=4,p=1$ZkRjNVJVaU83M1E1U3EuMg$ANBFNE+qN31RzlANFQGVsFoqS1LHqLJ/iNlQxt9p1YA', 'MATTHEWS@test.de'),
(169, 'ARNOLD', '$argon2id$v=19$m=65536,t=4,p=1$ZkRjNVJVaU83M1E1U3EuMg$ANBFNE+qN31RzlANFQGVsFoqS1LHqLJ/iNlQxt9p1YA', 'ARNOLD@test.de'),
(170, 'WAGNER', '$argon2id$v=19$m=65536,t=4,p=1$ZkRjNVJVaU83M1E1U3EuMg$ANBFNE+qN31RzlANFQGVsFoqS1LHqLJ/iNlQxt9p1YA', 'WAGNER@test.de'),
(171, 'WILLIS', '$argon2id$v=19$m=65536,t=4,p=1$ZkRjNVJVaU83M1E1U3EuMg$ANBFNE+qN31RzlANFQGVsFoqS1LHqLJ/iNlQxt9p1YA', 'WILLIS@test.de'),
(172, 'RAY', '$argon2id$v=19$m=65536,t=4,p=1$ZkRjNVJVaU83M1E1U3EuMg$ANBFNE+qN31RzlANFQGVsFoqS1LHqLJ/iNlQxt9p1YA', 'RAY@test.de'),
(173, 'WATKINS', '$argon2id$v=19$m=65536,t=4,p=1$ZkRjNVJVaU83M1E1U3EuMg$ANBFNE+qN31RzlANFQGVsFoqS1LHqLJ/iNlQxt9p1YA', 'WATKINS@test.de'),
(174, 'OLSON', '$argon2id$v=19$m=65536,t=4,p=1$ZkRjNVJVaU83M1E1U3EuMg$ANBFNE+qN31RzlANFQGVsFoqS1LHqLJ/iNlQxt9p1YA', 'OLSON@test.de'),
(175, 'CARROLL', '$argon2id$v=19$m=65536,t=4,p=1$ZkRjNVJVaU83M1E1U3EuMg$ANBFNE+qN31RzlANFQGVsFoqS1LHqLJ/iNlQxt9p1YA', 'CARROLL@test.de'),
(176, 'DUNCAN', '$argon2id$v=19$m=65536,t=4,p=1$ZkRjNVJVaU83M1E1U3EuMg$ANBFNE+qN31RzlANFQGVsFoqS1LHqLJ/iNlQxt9p1YA', 'DUNCAN@test.de'),
(177, 'SNYDER', '$argon2id$v=19$m=65536,t=4,p=1$ZkRjNVJVaU83M1E1U3EuMg$ANBFNE+qN31RzlANFQGVsFoqS1LHqLJ/iNlQxt9p1YA', 'SNYDER@test.de'),
(178, 'HART', '$argon2id$v=19$m=65536,t=4,p=1$ZkRjNVJVaU83M1E1U3EuMg$ANBFNE+qN31RzlANFQGVsFoqS1LHqLJ/iNlQxt9p1YA', 'HART@test.de'),
(179, 'CUNNINGHAM', '$argon2id$v=19$m=65536,t=4,p=1$ZkRjNVJVaU83M1E1U3EuMg$ANBFNE+qN31RzlANFQGVsFoqS1LHqLJ/iNlQxt9p1YA', 'CUNNINGHAM@test.de'),
(180, 'BRADLEY', '$argon2id$v=19$m=65536,t=4,p=1$ZkRjNVJVaU83M1E1U3EuMg$ANBFNE+qN31RzlANFQGVsFoqS1LHqLJ/iNlQxt9p1YA', 'BRADLEY@test.de'),
(181, 'LANE', '$argon2id$v=19$m=65536,t=4,p=1$ZkRjNVJVaU83M1E1U3EuMg$ANBFNE+qN31RzlANFQGVsFoqS1LHqLJ/iNlQxt9p1YA', 'LANE@test.de'),
(182, 'ANDREWS', '$argon2id$v=19$m=65536,t=4,p=1$ZkRjNVJVaU83M1E1U3EuMg$ANBFNE+qN31RzlANFQGVsFoqS1LHqLJ/iNlQxt9p1YA', 'ANDREWS@test.de'),
(183, 'RUIZ', '$argon2id$v=19$m=65536,t=4,p=1$ZkRjNVJVaU83M1E1U3EuMg$ANBFNE+qN31RzlANFQGVsFoqS1LHqLJ/iNlQxt9p1YA', 'RUIZ@test.de'),
(184, 'HARPER', '$argon2id$v=19$m=65536,t=4,p=1$ZkRjNVJVaU83M1E1U3EuMg$ANBFNE+qN31RzlANFQGVsFoqS1LHqLJ/iNlQxt9p1YA', 'HARPER@test.de'),
(185, 'FOX', '$argon2id$v=19$m=65536,t=4,p=1$ZkRjNVJVaU83M1E1U3EuMg$ANBFNE+qN31RzlANFQGVsFoqS1LHqLJ/iNlQxt9p1YA', 'FOX@test.de'),
(186, 'RILEY', '$argon2id$v=19$m=65536,t=4,p=1$ZkRjNVJVaU83M1E1U3EuMg$ANBFNE+qN31RzlANFQGVsFoqS1LHqLJ/iNlQxt9p1YA', 'RILEY@test.de'),
(187, 'ARMSTRONG', '$argon2id$v=19$m=65536,t=4,p=1$ZkRjNVJVaU83M1E1U3EuMg$ANBFNE+qN31RzlANFQGVsFoqS1LHqLJ/iNlQxt9p1YA', 'ARMSTRONG@test.de'),
(188, 'CARPENTER', '$argon2id$v=19$m=65536,t=4,p=1$ZkRjNVJVaU83M1E1U3EuMg$ANBFNE+qN31RzlANFQGVsFoqS1LHqLJ/iNlQxt9p1YA', 'CARPENTER@test.de'),
(189, 'WEAVER', '$argon2id$v=19$m=65536,t=4,p=1$ZkRjNVJVaU83M1E1U3EuMg$ANBFNE+qN31RzlANFQGVsFoqS1LHqLJ/iNlQxt9p1YA', 'WEAVER@test.de'),
(190, 'GREENE', '$argon2id$v=19$m=65536,t=4,p=1$ZkRjNVJVaU83M1E1U3EuMg$ANBFNE+qN31RzlANFQGVsFoqS1LHqLJ/iNlQxt9p1YA', 'GREENE@test.de'),
(191, 'LAWRENCE', '$argon2id$v=19$m=65536,t=4,p=1$ZkRjNVJVaU83M1E1U3EuMg$ANBFNE+qN31RzlANFQGVsFoqS1LHqLJ/iNlQxt9p1YA', 'LAWRENCE@test.de'),
(192, 'ELLIOTT', '$argon2id$v=19$m=65536,t=4,p=1$ZkRjNVJVaU83M1E1U3EuMg$ANBFNE+qN31RzlANFQGVsFoqS1LHqLJ/iNlQxt9p1YA', 'ELLIOTT@test.de'),
(193, 'CHAVEZ', '$argon2id$v=19$m=65536,t=4,p=1$ZkRjNVJVaU83M1E1U3EuMg$ANBFNE+qN31RzlANFQGVsFoqS1LHqLJ/iNlQxt9p1YA', 'CHAVEZ@test.de'),
(194, 'SIMS', '$argon2id$v=19$m=65536,t=4,p=1$ZkRjNVJVaU83M1E1U3EuMg$ANBFNE+qN31RzlANFQGVsFoqS1LHqLJ/iNlQxt9p1YA', 'SIMS@test.de'),
(195, 'AUSTIN', '$argon2id$v=19$m=65536,t=4,p=1$ZkRjNVJVaU83M1E1U3EuMg$ANBFNE+qN31RzlANFQGVsFoqS1LHqLJ/iNlQxt9p1YA', 'AUSTIN@test.de'),
(196, 'PETERS', '$argon2id$v=19$m=65536,t=4,p=1$ZkRjNVJVaU83M1E1U3EuMg$ANBFNE+qN31RzlANFQGVsFoqS1LHqLJ/iNlQxt9p1YA', 'PETERS@test.de'),
(197, 'KELLEY', '$argon2id$v=19$m=65536,t=4,p=1$ZkRjNVJVaU83M1E1U3EuMg$ANBFNE+qN31RzlANFQGVsFoqS1LHqLJ/iNlQxt9p1YA', 'KELLEY@test.de'),
(198, 'FRANKLIN', '$argon2id$v=19$m=65536,t=4,p=1$ZkRjNVJVaU83M1E1U3EuMg$ANBFNE+qN31RzlANFQGVsFoqS1LHqLJ/iNlQxt9p1YA', 'FRANKLIN@test.de'),
(199, 'LAWSON', '$argon2id$v=19$m=65536,t=4,p=1$ZkRjNVJVaU83M1E1U3EuMg$ANBFNE+qN31RzlANFQGVsFoqS1LHqLJ/iNlQxt9p1YA', 'LAWSON@test.de'),
(200, 'FIELDS', '$argon2id$v=19$m=65536,t=4,p=1$ZkRjNVJVaU83M1E1U3EuMg$ANBFNE+qN31RzlANFQGVsFoqS1LHqLJ/iNlQxt9p1YA', 'FIELDS@test.de'),
(201, 'GUTIERREZ', '$argon2id$v=19$m=65536,t=4,p=1$ZkRjNVJVaU83M1E1U3EuMg$ANBFNE+qN31RzlANFQGVsFoqS1LHqLJ/iNlQxt9p1YA', 'GUTIERREZ@test.de'),
(202, 'RYAN', '$argon2id$v=19$m=65536,t=4,p=1$ZkRjNVJVaU83M1E1U3EuMg$ANBFNE+qN31RzlANFQGVsFoqS1LHqLJ/iNlQxt9p1YA', 'RYAN@test.de'),
(203, 'SCHMIDT', '$argon2id$v=19$m=65536,t=4,p=1$ZkRjNVJVaU83M1E1U3EuMg$ANBFNE+qN31RzlANFQGVsFoqS1LHqLJ/iNlQxt9p1YA', 'SCHMIDT@test.de'),
(204, 'CARR', '$argon2id$v=19$m=65536,t=4,p=1$ZkRjNVJVaU83M1E1U3EuMg$ANBFNE+qN31RzlANFQGVsFoqS1LHqLJ/iNlQxt9p1YA', 'CARR@test.de'),
(205, 'VASQUEZ', '$argon2id$v=19$m=65536,t=4,p=1$ZkRjNVJVaU83M1E1U3EuMg$ANBFNE+qN31RzlANFQGVsFoqS1LHqLJ/iNlQxt9p1YA', 'VASQUEZ@test.de'),
(206, 'CASTILLO', '$argon2id$v=19$m=65536,t=4,p=1$ZkRjNVJVaU83M1E1U3EuMg$ANBFNE+qN31RzlANFQGVsFoqS1LHqLJ/iNlQxt9p1YA', 'CASTILLO@test.de'),
(207, 'WHEELER', '$argon2id$v=19$m=65536,t=4,p=1$ZkRjNVJVaU83M1E1U3EuMg$ANBFNE+qN31RzlANFQGVsFoqS1LHqLJ/iNlQxt9p1YA', 'WHEELER@test.de'),
(208, 'CHAPMAN', '$argon2id$v=19$m=65536,t=4,p=1$ZkRjNVJVaU83M1E1U3EuMg$ANBFNE+qN31RzlANFQGVsFoqS1LHqLJ/iNlQxt9p1YA', 'CHAPMAN@test.de'),
(209, 'OLIVER', '$argon2id$v=19$m=65536,t=4,p=1$ZkRjNVJVaU83M1E1U3EuMg$ANBFNE+qN31RzlANFQGVsFoqS1LHqLJ/iNlQxt9p1YA', 'OLIVER@test.de'),
(210, 'MONTGOMERY', '$argon2id$v=19$m=65536,t=4,p=1$ZkRjNVJVaU83M1E1U3EuMg$ANBFNE+qN31RzlANFQGVsFoqS1LHqLJ/iNlQxt9p1YA', 'MONTGOMERY@test.de'),
(211, 'RICHARDS', '$argon2id$v=19$m=65536,t=4,p=1$ZkRjNVJVaU83M1E1U3EuMg$ANBFNE+qN31RzlANFQGVsFoqS1LHqLJ/iNlQxt9p1YA', 'RICHARDS@test.de'),
(212, 'WILLIAMSON', '$argon2id$v=19$m=65536,t=4,p=1$ZkRjNVJVaU83M1E1U3EuMg$ANBFNE+qN31RzlANFQGVsFoqS1LHqLJ/iNlQxt9p1YA', 'WILLIAMSON@test.de'),
(213, 'JOHNSTON', '$argon2id$v=19$m=65536,t=4,p=1$ZkRjNVJVaU83M1E1U3EuMg$ANBFNE+qN31RzlANFQGVsFoqS1LHqLJ/iNlQxt9p1YA', 'JOHNSTON@test.de'),
(214, 'BANKS', '$argon2id$v=19$m=65536,t=4,p=1$ZkRjNVJVaU83M1E1U3EuMg$ANBFNE+qN31RzlANFQGVsFoqS1LHqLJ/iNlQxt9p1YA', 'BANKS@test.de'),
(215, 'MEYER', '$argon2id$v=19$m=65536,t=4,p=1$ZkRjNVJVaU83M1E1U3EuMg$ANBFNE+qN31RzlANFQGVsFoqS1LHqLJ/iNlQxt9p1YA', 'MEYER@test.de'),
(216, 'BISHOP', '$argon2id$v=19$m=65536,t=4,p=1$ZkRjNVJVaU83M1E1U3EuMg$ANBFNE+qN31RzlANFQGVsFoqS1LHqLJ/iNlQxt9p1YA', 'BISHOP@test.de'),
(217, 'MCCOY', '$argon2id$v=19$m=65536,t=4,p=1$ZkRjNVJVaU83M1E1U3EuMg$ANBFNE+qN31RzlANFQGVsFoqS1LHqLJ/iNlQxt9p1YA', 'MCCOY@test.de'),
(218, 'HOWELL', '$argon2id$v=19$m=65536,t=4,p=1$ZkRjNVJVaU83M1E1U3EuMg$ANBFNE+qN31RzlANFQGVsFoqS1LHqLJ/iNlQxt9p1YA', 'HOWELL@test.de'),
(219, 'ALVAREZ', '$argon2id$v=19$m=65536,t=4,p=1$ZkRjNVJVaU83M1E1U3EuMg$ANBFNE+qN31RzlANFQGVsFoqS1LHqLJ/iNlQxt9p1YA', 'ALVAREZ@test.de'),
(220, 'MORRISON', '$argon2id$v=19$m=65536,t=4,p=1$ZkRjNVJVaU83M1E1U3EuMg$ANBFNE+qN31RzlANFQGVsFoqS1LHqLJ/iNlQxt9p1YA', 'MORRISON@test.de'),
(221, 'HANSEN', '$argon2id$v=19$m=65536,t=4,p=1$ZkRjNVJVaU83M1E1U3EuMg$ANBFNE+qN31RzlANFQGVsFoqS1LHqLJ/iNlQxt9p1YA', 'HANSEN@test.de'),
(222, 'FERNANDEZ', '$argon2id$v=19$m=65536,t=4,p=1$ZkRjNVJVaU83M1E1U3EuMg$ANBFNE+qN31RzlANFQGVsFoqS1LHqLJ/iNlQxt9p1YA', 'FERNANDEZ@test.de'),
(223, 'GARZA', '$argon2id$v=19$m=65536,t=4,p=1$ZkRjNVJVaU83M1E1U3EuMg$ANBFNE+qN31RzlANFQGVsFoqS1LHqLJ/iNlQxt9p1YA', 'GARZA@test.de'),
(224, 'HARVEY', '$argon2id$v=19$m=65536,t=4,p=1$ZkRjNVJVaU83M1E1U3EuMg$ANBFNE+qN31RzlANFQGVsFoqS1LHqLJ/iNlQxt9p1YA', 'HARVEY@test.de'),
(225, 'LITTLE', '$argon2id$v=19$m=65536,t=4,p=1$ZkRjNVJVaU83M1E1U3EuMg$ANBFNE+qN31RzlANFQGVsFoqS1LHqLJ/iNlQxt9p1YA', 'LITTLE@test.de'),
(226, 'BURTON', '$argon2id$v=19$m=65536,t=4,p=1$ZkRjNVJVaU83M1E1U3EuMg$ANBFNE+qN31RzlANFQGVsFoqS1LHqLJ/iNlQxt9p1YA', 'BURTON@test.de'),
(227, 'STANLEY', '$argon2id$v=19$m=65536,t=4,p=1$ZkRjNVJVaU83M1E1U3EuMg$ANBFNE+qN31RzlANFQGVsFoqS1LHqLJ/iNlQxt9p1YA', 'STANLEY@test.de'),
(228, 'NGUYEN', '$argon2id$v=19$m=65536,t=4,p=1$ZkRjNVJVaU83M1E1U3EuMg$ANBFNE+qN31RzlANFQGVsFoqS1LHqLJ/iNlQxt9p1YA', 'NGUYEN@test.de'),
(229, 'GEORGE', '$argon2id$v=19$m=65536,t=4,p=1$ZkRjNVJVaU83M1E1U3EuMg$ANBFNE+qN31RzlANFQGVsFoqS1LHqLJ/iNlQxt9p1YA', 'GEORGE@test.de'),
(230, 'JACOBS', '$argon2id$v=19$m=65536,t=4,p=1$ZkRjNVJVaU83M1E1U3EuMg$ANBFNE+qN31RzlANFQGVsFoqS1LHqLJ/iNlQxt9p1YA', 'JACOBS@test.de'),
(231, 'REID', '$argon2id$v=19$m=65536,t=4,p=1$ZkRjNVJVaU83M1E1U3EuMg$ANBFNE+qN31RzlANFQGVsFoqS1LHqLJ/iNlQxt9p1YA', 'REID@test.de'),
(232, 'KIM', '$argon2id$v=19$m=65536,t=4,p=1$ZkRjNVJVaU83M1E1U3EuMg$ANBFNE+qN31RzlANFQGVsFoqS1LHqLJ/iNlQxt9p1YA', 'KIM@test.de'),
(233, 'FULLER', '$argon2id$v=19$m=65536,t=4,p=1$ZkRjNVJVaU83M1E1U3EuMg$ANBFNE+qN31RzlANFQGVsFoqS1LHqLJ/iNlQxt9p1YA', 'FULLER@test.de'),
(234, 'LYNCH', '$argon2id$v=19$m=65536,t=4,p=1$ZkRjNVJVaU83M1E1U3EuMg$ANBFNE+qN31RzlANFQGVsFoqS1LHqLJ/iNlQxt9p1YA', 'LYNCH@test.de'),
(235, 'DEAN', '$argon2id$v=19$m=65536,t=4,p=1$ZkRjNVJVaU83M1E1U3EuMg$ANBFNE+qN31RzlANFQGVsFoqS1LHqLJ/iNlQxt9p1YA', 'DEAN@test.de'),
(236, 'GILBERT', '$argon2id$v=19$m=65536,t=4,p=1$ZkRjNVJVaU83M1E1U3EuMg$ANBFNE+qN31RzlANFQGVsFoqS1LHqLJ/iNlQxt9p1YA', 'GILBERT@test.de'),
(237, 'GARRETT', '$argon2id$v=19$m=65536,t=4,p=1$ZkRjNVJVaU83M1E1U3EuMg$ANBFNE+qN31RzlANFQGVsFoqS1LHqLJ/iNlQxt9p1YA', 'GARRETT@test.de'),
(238, 'ROMERO', '$argon2id$v=19$m=65536,t=4,p=1$ZkRjNVJVaU83M1E1U3EuMg$ANBFNE+qN31RzlANFQGVsFoqS1LHqLJ/iNlQxt9p1YA', 'ROMERO@test.de'),
(239, 'WELCH', '$argon2id$v=19$m=65536,t=4,p=1$ZkRjNVJVaU83M1E1U3EuMg$ANBFNE+qN31RzlANFQGVsFoqS1LHqLJ/iNlQxt9p1YA', 'WELCH@test.de'),
(240, 'LARSON', '$argon2id$v=19$m=65536,t=4,p=1$ZkRjNVJVaU83M1E1U3EuMg$ANBFNE+qN31RzlANFQGVsFoqS1LHqLJ/iNlQxt9p1YA', 'LARSON@test.de'),
(241, 'FRAZIER', '$argon2id$v=19$m=65536,t=4,p=1$ZkRjNVJVaU83M1E1U3EuMg$ANBFNE+qN31RzlANFQGVsFoqS1LHqLJ/iNlQxt9p1YA', 'FRAZIER@test.de'),
(242, 'BURKE', '$argon2id$v=19$m=65536,t=4,p=1$ZkRjNVJVaU83M1E1U3EuMg$ANBFNE+qN31RzlANFQGVsFoqS1LHqLJ/iNlQxt9p1YA', 'BURKE@test.de'),
(243, 'HANSON', '$argon2id$v=19$m=65536,t=4,p=1$ZkRjNVJVaU83M1E1U3EuMg$ANBFNE+qN31RzlANFQGVsFoqS1LHqLJ/iNlQxt9p1YA', 'HANSON@test.de'),
(244, 'DAY', '$argon2id$v=19$m=65536,t=4,p=1$ZkRjNVJVaU83M1E1U3EuMg$ANBFNE+qN31RzlANFQGVsFoqS1LHqLJ/iNlQxt9p1YA', 'DAY@test.de'),
(245, 'MENDOZA', '$argon2id$v=19$m=65536,t=4,p=1$ZkRjNVJVaU83M1E1U3EuMg$ANBFNE+qN31RzlANFQGVsFoqS1LHqLJ/iNlQxt9p1YA', 'MENDOZA@test.de'),
(246, 'MORENO', '$argon2id$v=19$m=65536,t=4,p=1$ZkRjNVJVaU83M1E1U3EuMg$ANBFNE+qN31RzlANFQGVsFoqS1LHqLJ/iNlQxt9p1YA', 'MORENO@test.de'),
(247, 'BOWMAN', '$argon2id$v=19$m=65536,t=4,p=1$ZkRjNVJVaU83M1E1U3EuMg$ANBFNE+qN31RzlANFQGVsFoqS1LHqLJ/iNlQxt9p1YA', 'BOWMAN@test.de'),
(248, 'MEDINA', '$argon2id$v=19$m=65536,t=4,p=1$ZkRjNVJVaU83M1E1U3EuMg$ANBFNE+qN31RzlANFQGVsFoqS1LHqLJ/iNlQxt9p1YA', 'MEDINA@test.de'),
(249, 'FOWLER', '$argon2id$v=19$m=65536,t=4,p=1$ZkRjNVJVaU83M1E1U3EuMg$ANBFNE+qN31RzlANFQGVsFoqS1LHqLJ/iNlQxt9p1YA', 'FOWLER@test.de'),
(250, 'BREWER', '$argon2id$v=19$m=65536,t=4,p=1$ZkRjNVJVaU83M1E1U3EuMg$ANBFNE+qN31RzlANFQGVsFoqS1LHqLJ/iNlQxt9p1YA', 'BREWER@test.de'),
(251, 'HOFFMAN', '$argon2id$v=19$m=65536,t=4,p=1$ZkRjNVJVaU83M1E1U3EuMg$ANBFNE+qN31RzlANFQGVsFoqS1LHqLJ/iNlQxt9p1YA', 'HOFFMAN@test.de'),
(252, 'CARLSON', '$argon2id$v=19$m=65536,t=4,p=1$ZkRjNVJVaU83M1E1U3EuMg$ANBFNE+qN31RzlANFQGVsFoqS1LHqLJ/iNlQxt9p1YA', 'CARLSON@test.de'),
(253, 'SILVA', '$argon2id$v=19$m=65536,t=4,p=1$ZkRjNVJVaU83M1E1U3EuMg$ANBFNE+qN31RzlANFQGVsFoqS1LHqLJ/iNlQxt9p1YA', 'SILVA@test.de'),
(254, 'PEARSON', '$argon2id$v=19$m=65536,t=4,p=1$ZkRjNVJVaU83M1E1U3EuMg$ANBFNE+qN31RzlANFQGVsFoqS1LHqLJ/iNlQxt9p1YA', 'PEARSON@test.de'),
(255, 'HOLLAND', '$argon2id$v=19$m=65536,t=4,p=1$ZkRjNVJVaU83M1E1U3EuMg$ANBFNE+qN31RzlANFQGVsFoqS1LHqLJ/iNlQxt9p1YA', 'HOLLAND@test.de'),
(256, 'DOUGLAS', '$argon2id$v=19$m=65536,t=4,p=1$ZkRjNVJVaU83M1E1U3EuMg$ANBFNE+qN31RzlANFQGVsFoqS1LHqLJ/iNlQxt9p1YA', 'DOUGLAS@test.de'),
(257, 'FLEMING', '$argon2id$v=19$m=65536,t=4,p=1$ZkRjNVJVaU83M1E1U3EuMg$ANBFNE+qN31RzlANFQGVsFoqS1LHqLJ/iNlQxt9p1YA', 'FLEMING@test.de'),
(258, 'JENSEN', '$argon2id$v=19$m=65536,t=4,p=1$ZkRjNVJVaU83M1E1U3EuMg$ANBFNE+qN31RzlANFQGVsFoqS1LHqLJ/iNlQxt9p1YA', 'JENSEN@test.de'),
(259, 'VARGAS', '$argon2id$v=19$m=65536,t=4,p=1$ZkRjNVJVaU83M1E1U3EuMg$ANBFNE+qN31RzlANFQGVsFoqS1LHqLJ/iNlQxt9p1YA', 'VARGAS@test.de'),
(260, 'BYRD', '$argon2id$v=19$m=65536,t=4,p=1$ZkRjNVJVaU83M1E1U3EuMg$ANBFNE+qN31RzlANFQGVsFoqS1LHqLJ/iNlQxt9p1YA', 'BYRD@test.de'),
(261, 'DAVIDSON', '$argon2id$v=19$m=65536,t=4,p=1$ZkRjNVJVaU83M1E1U3EuMg$ANBFNE+qN31RzlANFQGVsFoqS1LHqLJ/iNlQxt9p1YA', 'DAVIDSON@test.de'),
(262, 'HOPKINS', '$argon2id$v=19$m=65536,t=4,p=1$ZkRjNVJVaU83M1E1U3EuMg$ANBFNE+qN31RzlANFQGVsFoqS1LHqLJ/iNlQxt9p1YA', 'HOPKINS@test.de'),
(263, 'MAY', '$argon2id$v=19$m=65536,t=4,p=1$ZkRjNVJVaU83M1E1U3EuMg$ANBFNE+qN31RzlANFQGVsFoqS1LHqLJ/iNlQxt9p1YA', 'MAY@test.de'),
(264, 'TERRY', '$argon2id$v=19$m=65536,t=4,p=1$ZkRjNVJVaU83M1E1U3EuMg$ANBFNE+qN31RzlANFQGVsFoqS1LHqLJ/iNlQxt9p1YA', 'TERRY@test.de'),
(265, 'HERRERA', '$argon2id$v=19$m=65536,t=4,p=1$ZkRjNVJVaU83M1E1U3EuMg$ANBFNE+qN31RzlANFQGVsFoqS1LHqLJ/iNlQxt9p1YA', 'HERRERA@test.de'),
(266, 'WADE', '$argon2id$v=19$m=65536,t=4,p=1$ZkRjNVJVaU83M1E1U3EuMg$ANBFNE+qN31RzlANFQGVsFoqS1LHqLJ/iNlQxt9p1YA', 'WADE@test.de'),
(267, 'SOTO', '$argon2id$v=19$m=65536,t=4,p=1$ZkRjNVJVaU83M1E1U3EuMg$ANBFNE+qN31RzlANFQGVsFoqS1LHqLJ/iNlQxt9p1YA', 'SOTO@test.de'),
(268, 'WALTERS', '$argon2id$v=19$m=65536,t=4,p=1$ZkRjNVJVaU83M1E1U3EuMg$ANBFNE+qN31RzlANFQGVsFoqS1LHqLJ/iNlQxt9p1YA', 'WALTERS@test.de'),
(269, 'CURTIS', '$argon2id$v=19$m=65536,t=4,p=1$ZkRjNVJVaU83M1E1U3EuMg$ANBFNE+qN31RzlANFQGVsFoqS1LHqLJ/iNlQxt9p1YA', 'CURTIS@test.de'),
(270, 'NEAL', '$argon2id$v=19$m=65536,t=4,p=1$ZkRjNVJVaU83M1E1U3EuMg$ANBFNE+qN31RzlANFQGVsFoqS1LHqLJ/iNlQxt9p1YA', 'NEAL@test.de'),
(271, 'CALDWELL', '$argon2id$v=19$m=65536,t=4,p=1$ZkRjNVJVaU83M1E1U3EuMg$ANBFNE+qN31RzlANFQGVsFoqS1LHqLJ/iNlQxt9p1YA', 'CALDWELL@test.de'),
(272, 'LOWE', '$argon2id$v=19$m=65536,t=4,p=1$ZkRjNVJVaU83M1E1U3EuMg$ANBFNE+qN31RzlANFQGVsFoqS1LHqLJ/iNlQxt9p1YA', 'LOWE@test.de'),
(273, 'JENNINGS', '$argon2id$v=19$m=65536,t=4,p=1$ZkRjNVJVaU83M1E1U3EuMg$ANBFNE+qN31RzlANFQGVsFoqS1LHqLJ/iNlQxt9p1YA', 'JENNINGS@test.de'),
(274, 'BARNETT', '$argon2id$v=19$m=65536,t=4,p=1$ZkRjNVJVaU83M1E1U3EuMg$ANBFNE+qN31RzlANFQGVsFoqS1LHqLJ/iNlQxt9p1YA', 'BARNETT@test.de'),
(275, 'GRAVES', '$argon2id$v=19$m=65536,t=4,p=1$ZkRjNVJVaU83M1E1U3EuMg$ANBFNE+qN31RzlANFQGVsFoqS1LHqLJ/iNlQxt9p1YA', 'GRAVES@test.de'),
(276, 'JIMENEZ', '$argon2id$v=19$m=65536,t=4,p=1$ZkRjNVJVaU83M1E1U3EuMg$ANBFNE+qN31RzlANFQGVsFoqS1LHqLJ/iNlQxt9p1YA', 'JIMENEZ@test.de'),
(277, 'HORTON', '$argon2id$v=19$m=65536,t=4,p=1$ZkRjNVJVaU83M1E1U3EuMg$ANBFNE+qN31RzlANFQGVsFoqS1LHqLJ/iNlQxt9p1YA', 'HORTON@test.de'),
(278, 'SHELTON', '$argon2id$v=19$m=65536,t=4,p=1$ZkRjNVJVaU83M1E1U3EuMg$ANBFNE+qN31RzlANFQGVsFoqS1LHqLJ/iNlQxt9p1YA', 'SHELTON@test.de'),
(279, 'BARRETT', '$argon2id$v=19$m=65536,t=4,p=1$ZkRjNVJVaU83M1E1U3EuMg$ANBFNE+qN31RzlANFQGVsFoqS1LHqLJ/iNlQxt9p1YA', 'BARRETT@test.de'),
(280, 'OBRIEN', '$argon2id$v=19$m=65536,t=4,p=1$ZkRjNVJVaU83M1E1U3EuMg$ANBFNE+qN31RzlANFQGVsFoqS1LHqLJ/iNlQxt9p1YA', 'OBRIEN@test.de'),
(281, 'CASTRO', '$argon2id$v=19$m=65536,t=4,p=1$ZkRjNVJVaU83M1E1U3EuMg$ANBFNE+qN31RzlANFQGVsFoqS1LHqLJ/iNlQxt9p1YA', 'CASTRO@test.de'),
(282, 'SUTTON', '$argon2id$v=19$m=65536,t=4,p=1$ZkRjNVJVaU83M1E1U3EuMg$ANBFNE+qN31RzlANFQGVsFoqS1LHqLJ/iNlQxt9p1YA', 'SUTTON@test.de'),
(283, 'GREGORY', '$argon2id$v=19$m=65536,t=4,p=1$ZkRjNVJVaU83M1E1U3EuMg$ANBFNE+qN31RzlANFQGVsFoqS1LHqLJ/iNlQxt9p1YA', 'GREGORY@test.de'),
(284, 'MCKINNEY', '$argon2id$v=19$m=65536,t=4,p=1$ZkRjNVJVaU83M1E1U3EuMg$ANBFNE+qN31RzlANFQGVsFoqS1LHqLJ/iNlQxt9p1YA', 'MCKINNEY@test.de'),
(285, 'LUCAS', '$argon2id$v=19$m=65536,t=4,p=1$ZkRjNVJVaU83M1E1U3EuMg$ANBFNE+qN31RzlANFQGVsFoqS1LHqLJ/iNlQxt9p1YA', 'LUCAS@test.de'),
(286, 'MILES', '$argon2id$v=19$m=65536,t=4,p=1$ZkRjNVJVaU83M1E1U3EuMg$ANBFNE+qN31RzlANFQGVsFoqS1LHqLJ/iNlQxt9p1YA', 'MILES@test.de'),
(287, 'CRAIG', '$argon2id$v=19$m=65536,t=4,p=1$ZkRjNVJVaU83M1E1U3EuMg$ANBFNE+qN31RzlANFQGVsFoqS1LHqLJ/iNlQxt9p1YA', 'CRAIG@test.de'),
(288, 'RODRIQUEZ', '$argon2id$v=19$m=65536,t=4,p=1$ZkRjNVJVaU83M1E1U3EuMg$ANBFNE+qN31RzlANFQGVsFoqS1LHqLJ/iNlQxt9p1YA', 'RODRIQUEZ@test.de'),
(289, 'CHAMBERS', '$argon2id$v=19$m=65536,t=4,p=1$ZkRjNVJVaU83M1E1U3EuMg$ANBFNE+qN31RzlANFQGVsFoqS1LHqLJ/iNlQxt9p1YA', 'CHAMBERS@test.de'),
(290, 'HOLT', '$argon2id$v=19$m=65536,t=4,p=1$ZkRjNVJVaU83M1E1U3EuMg$ANBFNE+qN31RzlANFQGVsFoqS1LHqLJ/iNlQxt9p1YA', 'HOLT@test.de'),
(291, 'LAMBERT', '$argon2id$v=19$m=65536,t=4,p=1$ZkRjNVJVaU83M1E1U3EuMg$ANBFNE+qN31RzlANFQGVsFoqS1LHqLJ/iNlQxt9p1YA', 'LAMBERT@test.de'),
(292, 'FLETCHER', '$argon2id$v=19$m=65536,t=4,p=1$ZkRjNVJVaU83M1E1U3EuMg$ANBFNE+qN31RzlANFQGVsFoqS1LHqLJ/iNlQxt9p1YA', 'FLETCHER@test.de'),
(293, 'WATTS', '$argon2id$v=19$m=65536,t=4,p=1$ZkRjNVJVaU83M1E1U3EuMg$ANBFNE+qN31RzlANFQGVsFoqS1LHqLJ/iNlQxt9p1YA', 'WATTS@test.de'),
(294, 'BATES', '$argon2id$v=19$m=65536,t=4,p=1$ZkRjNVJVaU83M1E1U3EuMg$ANBFNE+qN31RzlANFQGVsFoqS1LHqLJ/iNlQxt9p1YA', 'BATES@test.de'),
(295, 'HALE', '$argon2id$v=19$m=65536,t=4,p=1$ZkRjNVJVaU83M1E1U3EuMg$ANBFNE+qN31RzlANFQGVsFoqS1LHqLJ/iNlQxt9p1YA', 'HALE@test.de'),
(296, 'RHODES', '$argon2id$v=19$m=65536,t=4,p=1$ZkRjNVJVaU83M1E1U3EuMg$ANBFNE+qN31RzlANFQGVsFoqS1LHqLJ/iNlQxt9p1YA', 'RHODES@test.de'),
(297, 'PENA', '$argon2id$v=19$m=65536,t=4,p=1$ZkRjNVJVaU83M1E1U3EuMg$ANBFNE+qN31RzlANFQGVsFoqS1LHqLJ/iNlQxt9p1YA', 'PENA@test.de'),
(298, 'BECK', '$argon2id$v=19$m=65536,t=4,p=1$ZkRjNVJVaU83M1E1U3EuMg$ANBFNE+qN31RzlANFQGVsFoqS1LHqLJ/iNlQxt9p1YA', 'BECK@test.de'),
(299, 'NEWMAN', '$argon2id$v=19$m=65536,t=4,p=1$ZkRjNVJVaU83M1E1U3EuMg$ANBFNE+qN31RzlANFQGVsFoqS1LHqLJ/iNlQxt9p1YA', 'NEWMAN@test.de'),
(300, 'HAYNES', '$argon2id$v=19$m=65536,t=4,p=1$ZkRjNVJVaU83M1E1U3EuMg$ANBFNE+qN31RzlANFQGVsFoqS1LHqLJ/iNlQxt9p1YA', 'HAYNES@test.de'),
(301, 'MCDANIEL', '$argon2id$v=19$m=65536,t=4,p=1$ZkRjNVJVaU83M1E1U3EuMg$ANBFNE+qN31RzlANFQGVsFoqS1LHqLJ/iNlQxt9p1YA', 'MCDANIEL@test.de'),
(302, 'MENDEZ', '$argon2id$v=19$m=65536,t=4,p=1$ZkRjNVJVaU83M1E1U3EuMg$ANBFNE+qN31RzlANFQGVsFoqS1LHqLJ/iNlQxt9p1YA', 'MENDEZ@test.de'),
(303, 'BUSH', '$argon2id$v=19$m=65536,t=4,p=1$ZkRjNVJVaU83M1E1U3EuMg$ANBFNE+qN31RzlANFQGVsFoqS1LHqLJ/iNlQxt9p1YA', 'BUSH@test.de'),
(304, 'VAUGHN', '$argon2id$v=19$m=65536,t=4,p=1$ZkRjNVJVaU83M1E1U3EuMg$ANBFNE+qN31RzlANFQGVsFoqS1LHqLJ/iNlQxt9p1YA', 'VAUGHN@test.de'),
(305, 'PARKS', '$argon2id$v=19$m=65536,t=4,p=1$ZkRjNVJVaU83M1E1U3EuMg$ANBFNE+qN31RzlANFQGVsFoqS1LHqLJ/iNlQxt9p1YA', 'PARKS@test.de'),
(306, 'DAWSON', '$argon2id$v=19$m=65536,t=4,p=1$ZkRjNVJVaU83M1E1U3EuMg$ANBFNE+qN31RzlANFQGVsFoqS1LHqLJ/iNlQxt9p1YA', 'DAWSON@test.de'),
(307, 'SANTIAGO', '$argon2id$v=19$m=65536,t=4,p=1$ZkRjNVJVaU83M1E1U3EuMg$ANBFNE+qN31RzlANFQGVsFoqS1LHqLJ/iNlQxt9p1YA', 'SANTIAGO@test.de'),
(308, 'NORRIS', '$argon2id$v=19$m=65536,t=4,p=1$ZkRjNVJVaU83M1E1U3EuMg$ANBFNE+qN31RzlANFQGVsFoqS1LHqLJ/iNlQxt9p1YA', 'NORRIS@test.de'),
(309, 'HARDY', '$argon2id$v=19$m=65536,t=4,p=1$ZkRjNVJVaU83M1E1U3EuMg$ANBFNE+qN31RzlANFQGVsFoqS1LHqLJ/iNlQxt9p1YA', 'HARDY@test.de'),
(310, 'LOVE', '$argon2id$v=19$m=65536,t=4,p=1$ZkRjNVJVaU83M1E1U3EuMg$ANBFNE+qN31RzlANFQGVsFoqS1LHqLJ/iNlQxt9p1YA', 'LOVE@test.de'),
(311, 'STEELE', '$argon2id$v=19$m=65536,t=4,p=1$ZkRjNVJVaU83M1E1U3EuMg$ANBFNE+qN31RzlANFQGVsFoqS1LHqLJ/iNlQxt9p1YA', 'STEELE@test.de'),
(312, 'CURRY', '$argon2id$v=19$m=65536,t=4,p=1$ZkRjNVJVaU83M1E1U3EuMg$ANBFNE+qN31RzlANFQGVsFoqS1LHqLJ/iNlQxt9p1YA', 'CURRY@test.de'),
(313, 'POWERS', '$argon2id$v=19$m=65536,t=4,p=1$ZkRjNVJVaU83M1E1U3EuMg$ANBFNE+qN31RzlANFQGVsFoqS1LHqLJ/iNlQxt9p1YA', 'POWERS@test.de'),
(314, 'SCHULTZ', '$argon2id$v=19$m=65536,t=4,p=1$ZkRjNVJVaU83M1E1U3EuMg$ANBFNE+qN31RzlANFQGVsFoqS1LHqLJ/iNlQxt9p1YA', 'SCHULTZ@test.de'),
(315, 'BARKER', '$argon2id$v=19$m=65536,t=4,p=1$ZkRjNVJVaU83M1E1U3EuMg$ANBFNE+qN31RzlANFQGVsFoqS1LHqLJ/iNlQxt9p1YA', 'BARKER@test.de'),
(316, 'GUZMAN', '$argon2id$v=19$m=65536,t=4,p=1$ZkRjNVJVaU83M1E1U3EuMg$ANBFNE+qN31RzlANFQGVsFoqS1LHqLJ/iNlQxt9p1YA', 'GUZMAN@test.de'),
(317, 'PAGE', '$argon2id$v=19$m=65536,t=4,p=1$ZkRjNVJVaU83M1E1U3EuMg$ANBFNE+qN31RzlANFQGVsFoqS1LHqLJ/iNlQxt9p1YA', 'PAGE@test.de'),
(318, 'MUNOZ', '$argon2id$v=19$m=65536,t=4,p=1$ZkRjNVJVaU83M1E1U3EuMg$ANBFNE+qN31RzlANFQGVsFoqS1LHqLJ/iNlQxt9p1YA', 'MUNOZ@test.de'),
(319, 'BALL', '$argon2id$v=19$m=65536,t=4,p=1$ZkRjNVJVaU83M1E1U3EuMg$ANBFNE+qN31RzlANFQGVsFoqS1LHqLJ/iNlQxt9p1YA', 'BALL@test.de'),
(320, 'KELLER', '$argon2id$v=19$m=65536,t=4,p=1$ZkRjNVJVaU83M1E1U3EuMg$ANBFNE+qN31RzlANFQGVsFoqS1LHqLJ/iNlQxt9p1YA', 'KELLER@test.de'),
(321, 'CHANDLER', '$argon2id$v=19$m=65536,t=4,p=1$ZkRjNVJVaU83M1E1U3EuMg$ANBFNE+qN31RzlANFQGVsFoqS1LHqLJ/iNlQxt9p1YA', 'CHANDLER@test.de'),
(322, 'WEBER', '$argon2id$v=19$m=65536,t=4,p=1$ZkRjNVJVaU83M1E1U3EuMg$ANBFNE+qN31RzlANFQGVsFoqS1LHqLJ/iNlQxt9p1YA', 'WEBER@test.de'),
(323, 'LEONARD', '$argon2id$v=19$m=65536,t=4,p=1$ZkRjNVJVaU83M1E1U3EuMg$ANBFNE+qN31RzlANFQGVsFoqS1LHqLJ/iNlQxt9p1YA', 'LEONARD@test.de'),
(324, 'WALSH', '$argon2id$v=19$m=65536,t=4,p=1$ZkRjNVJVaU83M1E1U3EuMg$ANBFNE+qN31RzlANFQGVsFoqS1LHqLJ/iNlQxt9p1YA', 'WALSH@test.de'),
(325, 'LYONS', '$argon2id$v=19$m=65536,t=4,p=1$ZkRjNVJVaU83M1E1U3EuMg$ANBFNE+qN31RzlANFQGVsFoqS1LHqLJ/iNlQxt9p1YA', 'LYONS@test.de'),
(326, 'RAMSEY', '$argon2id$v=19$m=65536,t=4,p=1$ZkRjNVJVaU83M1E1U3EuMg$ANBFNE+qN31RzlANFQGVsFoqS1LHqLJ/iNlQxt9p1YA', 'RAMSEY@test.de'),
(327, 'WOLFE', '$argon2id$v=19$m=65536,t=4,p=1$ZkRjNVJVaU83M1E1U3EuMg$ANBFNE+qN31RzlANFQGVsFoqS1LHqLJ/iNlQxt9p1YA', 'WOLFE@test.de'),
(328, 'SCHNEIDER', '$argon2id$v=19$m=65536,t=4,p=1$ZkRjNVJVaU83M1E1U3EuMg$ANBFNE+qN31RzlANFQGVsFoqS1LHqLJ/iNlQxt9p1YA', 'SCHNEIDER@test.de'),
(329, 'MULLINS', '$argon2id$v=19$m=65536,t=4,p=1$ZkRjNVJVaU83M1E1U3EuMg$ANBFNE+qN31RzlANFQGVsFoqS1LHqLJ/iNlQxt9p1YA', 'MULLINS@test.de'),
(330, 'BENSON', '$argon2id$v=19$m=65536,t=4,p=1$ZkRjNVJVaU83M1E1U3EuMg$ANBFNE+qN31RzlANFQGVsFoqS1LHqLJ/iNlQxt9p1YA', 'BENSON@test.de'),
(331, 'SHARP', '$argon2id$v=19$m=65536,t=4,p=1$ZkRjNVJVaU83M1E1U3EuMg$ANBFNE+qN31RzlANFQGVsFoqS1LHqLJ/iNlQxt9p1YA', 'SHARP@test.de'),
(332, 'BOWEN', '$argon2id$v=19$m=65536,t=4,p=1$ZkRjNVJVaU83M1E1U3EuMg$ANBFNE+qN31RzlANFQGVsFoqS1LHqLJ/iNlQxt9p1YA', 'BOWEN@test.de'),
(333, 'DANIEL', '$argon2id$v=19$m=65536,t=4,p=1$ZkRjNVJVaU83M1E1U3EuMg$ANBFNE+qN31RzlANFQGVsFoqS1LHqLJ/iNlQxt9p1YA', 'DANIEL@test.de'),
(334, 'BARBER', '$argon2id$v=19$m=65536,t=4,p=1$ZkRjNVJVaU83M1E1U3EuMg$ANBFNE+qN31RzlANFQGVsFoqS1LHqLJ/iNlQxt9p1YA', 'BARBER@test.de'),
(335, 'CUMMINGS', '$argon2id$v=19$m=65536,t=4,p=1$ZkRjNVJVaU83M1E1U3EuMg$ANBFNE+qN31RzlANFQGVsFoqS1LHqLJ/iNlQxt9p1YA', 'CUMMINGS@test.de'),
(336, 'HINES', '$argon2id$v=19$m=65536,t=4,p=1$ZkRjNVJVaU83M1E1U3EuMg$ANBFNE+qN31RzlANFQGVsFoqS1LHqLJ/iNlQxt9p1YA', 'HINES@test.de'),
(337, 'BALDWIN', '$argon2id$v=19$m=65536,t=4,p=1$ZkRjNVJVaU83M1E1U3EuMg$ANBFNE+qN31RzlANFQGVsFoqS1LHqLJ/iNlQxt9p1YA', 'BALDWIN@test.de'),
(338, 'GRIFFITH', '$argon2id$v=19$m=65536,t=4,p=1$ZkRjNVJVaU83M1E1U3EuMg$ANBFNE+qN31RzlANFQGVsFoqS1LHqLJ/iNlQxt9p1YA', 'GRIFFITH@test.de'),
(339, 'VALDEZ', '$argon2id$v=19$m=65536,t=4,p=1$ZkRjNVJVaU83M1E1U3EuMg$ANBFNE+qN31RzlANFQGVsFoqS1LHqLJ/iNlQxt9p1YA', 'VALDEZ@test.de'),
(340, 'HUBBARD', '$argon2id$v=19$m=65536,t=4,p=1$ZkRjNVJVaU83M1E1U3EuMg$ANBFNE+qN31RzlANFQGVsFoqS1LHqLJ/iNlQxt9p1YA', 'HUBBARD@test.de'),
(341, 'SALAZAR', '$argon2id$v=19$m=65536,t=4,p=1$ZkRjNVJVaU83M1E1U3EuMg$ANBFNE+qN31RzlANFQGVsFoqS1LHqLJ/iNlQxt9p1YA', 'SALAZAR@test.de'),
(342, 'REEVES', '$argon2id$v=19$m=65536,t=4,p=1$ZkRjNVJVaU83M1E1U3EuMg$ANBFNE+qN31RzlANFQGVsFoqS1LHqLJ/iNlQxt9p1YA', 'REEVES@test.de'),
(343, 'WARNER', '$argon2id$v=19$m=65536,t=4,p=1$ZkRjNVJVaU83M1E1U3EuMg$ANBFNE+qN31RzlANFQGVsFoqS1LHqLJ/iNlQxt9p1YA', 'WARNER@test.de'),
(344, 'STEVENSON', '$argon2id$v=19$m=65536,t=4,p=1$ZkRjNVJVaU83M1E1U3EuMg$ANBFNE+qN31RzlANFQGVsFoqS1LHqLJ/iNlQxt9p1YA', 'STEVENSON@test.de'),
(345, 'BURGESS', '$argon2id$v=19$m=65536,t=4,p=1$ZkRjNVJVaU83M1E1U3EuMg$ANBFNE+qN31RzlANFQGVsFoqS1LHqLJ/iNlQxt9p1YA', 'BURGESS@test.de'),
(346, 'SANTOS', '$argon2id$v=19$m=65536,t=4,p=1$ZkRjNVJVaU83M1E1U3EuMg$ANBFNE+qN31RzlANFQGVsFoqS1LHqLJ/iNlQxt9p1YA', 'SANTOS@test.de'),
(347, 'TATE', '$argon2id$v=19$m=65536,t=4,p=1$ZkRjNVJVaU83M1E1U3EuMg$ANBFNE+qN31RzlANFQGVsFoqS1LHqLJ/iNlQxt9p1YA', 'TATE@test.de'),
(348, 'CROSS', '$argon2id$v=19$m=65536,t=4,p=1$ZkRjNVJVaU83M1E1U3EuMg$ANBFNE+qN31RzlANFQGVsFoqS1LHqLJ/iNlQxt9p1YA', 'CROSS@test.de'),
(349, 'GARNER', '$argon2id$v=19$m=65536,t=4,p=1$ZkRjNVJVaU83M1E1U3EuMg$ANBFNE+qN31RzlANFQGVsFoqS1LHqLJ/iNlQxt9p1YA', 'GARNER@test.de'),
(350, 'MANN', '$argon2id$v=19$m=65536,t=4,p=1$ZkRjNVJVaU83M1E1U3EuMg$ANBFNE+qN31RzlANFQGVsFoqS1LHqLJ/iNlQxt9p1YA', 'MANN@test.de'),
(351, 'MACK', '$argon2id$v=19$m=65536,t=4,p=1$ZkRjNVJVaU83M1E1U3EuMg$ANBFNE+qN31RzlANFQGVsFoqS1LHqLJ/iNlQxt9p1YA', 'MACK@test.de'),
(352, 'MOSS', '$argon2id$v=19$m=65536,t=4,p=1$ZkRjNVJVaU83M1E1U3EuMg$ANBFNE+qN31RzlANFQGVsFoqS1LHqLJ/iNlQxt9p1YA', 'MOSS@test.de'),
(353, 'THORNTON', '$argon2id$v=19$m=65536,t=4,p=1$ZkRjNVJVaU83M1E1U3EuMg$ANBFNE+qN31RzlANFQGVsFoqS1LHqLJ/iNlQxt9p1YA', 'THORNTON@test.de'),
(354, 'DENNIS', '$argon2id$v=19$m=65536,t=4,p=1$ZkRjNVJVaU83M1E1U3EuMg$ANBFNE+qN31RzlANFQGVsFoqS1LHqLJ/iNlQxt9p1YA', 'DENNIS@test.de'),
(355, 'MCGEE', '$argon2id$v=19$m=65536,t=4,p=1$ZkRjNVJVaU83M1E1U3EuMg$ANBFNE+qN31RzlANFQGVsFoqS1LHqLJ/iNlQxt9p1YA', 'MCGEE@test.de'),
(356, 'FARMER', '$argon2id$v=19$m=65536,t=4,p=1$ZkRjNVJVaU83M1E1U3EuMg$ANBFNE+qN31RzlANFQGVsFoqS1LHqLJ/iNlQxt9p1YA', 'FARMER@test.de'),
(357, 'DELGADO', '$argon2id$v=19$m=65536,t=4,p=1$ZkRjNVJVaU83M1E1U3EuMg$ANBFNE+qN31RzlANFQGVsFoqS1LHqLJ/iNlQxt9p1YA', 'DELGADO@test.de'),
(358, 'AGUILAR', '$argon2id$v=19$m=65536,t=4,p=1$ZkRjNVJVaU83M1E1U3EuMg$ANBFNE+qN31RzlANFQGVsFoqS1LHqLJ/iNlQxt9p1YA', 'AGUILAR@test.de'),
(359, 'VEGA', '$argon2id$v=19$m=65536,t=4,p=1$ZkRjNVJVaU83M1E1U3EuMg$ANBFNE+qN31RzlANFQGVsFoqS1LHqLJ/iNlQxt9p1YA', 'VEGA@test.de'),
(360, 'GLOVER', '$argon2id$v=19$m=65536,t=4,p=1$ZkRjNVJVaU83M1E1U3EuMg$ANBFNE+qN31RzlANFQGVsFoqS1LHqLJ/iNlQxt9p1YA', 'GLOVER@test.de'),
(361, 'MANNING', '$argon2id$v=19$m=65536,t=4,p=1$ZkRjNVJVaU83M1E1U3EuMg$ANBFNE+qN31RzlANFQGVsFoqS1LHqLJ/iNlQxt9p1YA', 'MANNING@test.de'),
(362, 'COHEN', '$argon2id$v=19$m=65536,t=4,p=1$ZkRjNVJVaU83M1E1U3EuMg$ANBFNE+qN31RzlANFQGVsFoqS1LHqLJ/iNlQxt9p1YA', 'COHEN@test.de'),
(363, 'HARMON', '$argon2id$v=19$m=65536,t=4,p=1$ZkRjNVJVaU83M1E1U3EuMg$ANBFNE+qN31RzlANFQGVsFoqS1LHqLJ/iNlQxt9p1YA', 'HARMON@test.de'),
(364, 'RODGERS', '$argon2id$v=19$m=65536,t=4,p=1$ZkRjNVJVaU83M1E1U3EuMg$ANBFNE+qN31RzlANFQGVsFoqS1LHqLJ/iNlQxt9p1YA', 'RODGERS@test.de'),
(365, 'ROBBINS', '$argon2id$v=19$m=65536,t=4,p=1$ZkRjNVJVaU83M1E1U3EuMg$ANBFNE+qN31RzlANFQGVsFoqS1LHqLJ/iNlQxt9p1YA', 'ROBBINS@test.de'),
(366, 'NEWTON', '$argon2id$v=19$m=65536,t=4,p=1$ZkRjNVJVaU83M1E1U3EuMg$ANBFNE+qN31RzlANFQGVsFoqS1LHqLJ/iNlQxt9p1YA', 'NEWTON@test.de'),
(367, 'TODD', '$argon2id$v=19$m=65536,t=4,p=1$ZkRjNVJVaU83M1E1U3EuMg$ANBFNE+qN31RzlANFQGVsFoqS1LHqLJ/iNlQxt9p1YA', 'TODD@test.de'),
(368, 'BLAIR', '$argon2id$v=19$m=65536,t=4,p=1$ZkRjNVJVaU83M1E1U3EuMg$ANBFNE+qN31RzlANFQGVsFoqS1LHqLJ/iNlQxt9p1YA', 'BLAIR@test.de'),
(369, 'HIGGINS', '$argon2id$v=19$m=65536,t=4,p=1$ZkRjNVJVaU83M1E1U3EuMg$ANBFNE+qN31RzlANFQGVsFoqS1LHqLJ/iNlQxt9p1YA', 'HIGGINS@test.de'),
(370, 'INGRAM', '$argon2id$v=19$m=65536,t=4,p=1$ZkRjNVJVaU83M1E1U3EuMg$ANBFNE+qN31RzlANFQGVsFoqS1LHqLJ/iNlQxt9p1YA', 'INGRAM@test.de'),
(371, 'REESE', '$argon2id$v=19$m=65536,t=4,p=1$ZkRjNVJVaU83M1E1U3EuMg$ANBFNE+qN31RzlANFQGVsFoqS1LHqLJ/iNlQxt9p1YA', 'REESE@test.de'),
(372, 'CANNON', '$argon2id$v=19$m=65536,t=4,p=1$ZkRjNVJVaU83M1E1U3EuMg$ANBFNE+qN31RzlANFQGVsFoqS1LHqLJ/iNlQxt9p1YA', 'CANNON@test.de'),
(373, 'STRICKLAND', '$argon2id$v=19$m=65536,t=4,p=1$ZkRjNVJVaU83M1E1U3EuMg$ANBFNE+qN31RzlANFQGVsFoqS1LHqLJ/iNlQxt9p1YA', 'STRICKLAND@test.de');
INSERT INTO `user_pass` (`ID`, `username`, `password`, `email`) VALUES
(374, 'TOWNSEND', '$argon2id$v=19$m=65536,t=4,p=1$ZkRjNVJVaU83M1E1U3EuMg$ANBFNE+qN31RzlANFQGVsFoqS1LHqLJ/iNlQxt9p1YA', 'TOWNSEND@test.de'),
(375, 'POTTER', '$argon2id$v=19$m=65536,t=4,p=1$ZkRjNVJVaU83M1E1U3EuMg$ANBFNE+qN31RzlANFQGVsFoqS1LHqLJ/iNlQxt9p1YA', 'POTTER@test.de'),
(376, 'GOODWIN', '$argon2id$v=19$m=65536,t=4,p=1$ZkRjNVJVaU83M1E1U3EuMg$ANBFNE+qN31RzlANFQGVsFoqS1LHqLJ/iNlQxt9p1YA', 'GOODWIN@test.de'),
(377, 'WALTON', '$argon2id$v=19$m=65536,t=4,p=1$ZkRjNVJVaU83M1E1U3EuMg$ANBFNE+qN31RzlANFQGVsFoqS1LHqLJ/iNlQxt9p1YA', 'WALTON@test.de'),
(378, 'ROWE', '$argon2id$v=19$m=65536,t=4,p=1$ZkRjNVJVaU83M1E1U3EuMg$ANBFNE+qN31RzlANFQGVsFoqS1LHqLJ/iNlQxt9p1YA', 'ROWE@test.de'),
(379, 'HAMPTON', '$argon2id$v=19$m=65536,t=4,p=1$ZkRjNVJVaU83M1E1U3EuMg$ANBFNE+qN31RzlANFQGVsFoqS1LHqLJ/iNlQxt9p1YA', 'HAMPTON@test.de'),
(380, 'ORTEGA', '$argon2id$v=19$m=65536,t=4,p=1$ZkRjNVJVaU83M1E1U3EuMg$ANBFNE+qN31RzlANFQGVsFoqS1LHqLJ/iNlQxt9p1YA', 'ORTEGA@test.de'),
(381, 'PATTON', '$argon2id$v=19$m=65536,t=4,p=1$ZkRjNVJVaU83M1E1U3EuMg$ANBFNE+qN31RzlANFQGVsFoqS1LHqLJ/iNlQxt9p1YA', 'PATTON@test.de'),
(382, 'SWANSON', '$argon2id$v=19$m=65536,t=4,p=1$ZkRjNVJVaU83M1E1U3EuMg$ANBFNE+qN31RzlANFQGVsFoqS1LHqLJ/iNlQxt9p1YA', 'SWANSON@test.de'),
(383, 'JOSEPH', '$argon2id$v=19$m=65536,t=4,p=1$ZkRjNVJVaU83M1E1U3EuMg$ANBFNE+qN31RzlANFQGVsFoqS1LHqLJ/iNlQxt9p1YA', 'JOSEPH@test.de'),
(384, 'FRANCIS', '$argon2id$v=19$m=65536,t=4,p=1$ZkRjNVJVaU83M1E1U3EuMg$ANBFNE+qN31RzlANFQGVsFoqS1LHqLJ/iNlQxt9p1YA', 'FRANCIS@test.de'),
(385, 'GOODMAN', '$argon2id$v=19$m=65536,t=4,p=1$ZkRjNVJVaU83M1E1U3EuMg$ANBFNE+qN31RzlANFQGVsFoqS1LHqLJ/iNlQxt9p1YA', 'GOODMAN@test.de'),
(386, 'MALDONADO', '$argon2id$v=19$m=65536,t=4,p=1$ZkRjNVJVaU83M1E1U3EuMg$ANBFNE+qN31RzlANFQGVsFoqS1LHqLJ/iNlQxt9p1YA', 'MALDONADO@test.de'),
(387, 'YATES', '$argon2id$v=19$m=65536,t=4,p=1$ZkRjNVJVaU83M1E1U3EuMg$ANBFNE+qN31RzlANFQGVsFoqS1LHqLJ/iNlQxt9p1YA', 'YATES@test.de'),
(388, 'BECKER', '$argon2id$v=19$m=65536,t=4,p=1$ZkRjNVJVaU83M1E1U3EuMg$ANBFNE+qN31RzlANFQGVsFoqS1LHqLJ/iNlQxt9p1YA', 'BECKER@test.de'),
(389, 'ERICKSON', '$argon2id$v=19$m=65536,t=4,p=1$ZkRjNVJVaU83M1E1U3EuMg$ANBFNE+qN31RzlANFQGVsFoqS1LHqLJ/iNlQxt9p1YA', 'ERICKSON@test.de'),
(390, 'HODGES', '$argon2id$v=19$m=65536,t=4,p=1$ZkRjNVJVaU83M1E1U3EuMg$ANBFNE+qN31RzlANFQGVsFoqS1LHqLJ/iNlQxt9p1YA', 'HODGES@test.de'),
(391, 'RIOS', '$argon2id$v=19$m=65536,t=4,p=1$ZkRjNVJVaU83M1E1U3EuMg$ANBFNE+qN31RzlANFQGVsFoqS1LHqLJ/iNlQxt9p1YA', 'RIOS@test.de'),
(392, 'CONNER', '$argon2id$v=19$m=65536,t=4,p=1$ZkRjNVJVaU83M1E1U3EuMg$ANBFNE+qN31RzlANFQGVsFoqS1LHqLJ/iNlQxt9p1YA', 'CONNER@test.de'),
(393, 'ADKINS', '$argon2id$v=19$m=65536,t=4,p=1$ZkRjNVJVaU83M1E1U3EuMg$ANBFNE+qN31RzlANFQGVsFoqS1LHqLJ/iNlQxt9p1YA', 'ADKINS@test.de'),
(394, 'WEBSTER', '$argon2id$v=19$m=65536,t=4,p=1$ZkRjNVJVaU83M1E1U3EuMg$ANBFNE+qN31RzlANFQGVsFoqS1LHqLJ/iNlQxt9p1YA', 'WEBSTER@test.de'),
(395, 'NORMAN', '$argon2id$v=19$m=65536,t=4,p=1$ZkRjNVJVaU83M1E1U3EuMg$ANBFNE+qN31RzlANFQGVsFoqS1LHqLJ/iNlQxt9p1YA', 'NORMAN@test.de'),
(396, 'MALONE', '$argon2id$v=19$m=65536,t=4,p=1$ZkRjNVJVaU83M1E1U3EuMg$ANBFNE+qN31RzlANFQGVsFoqS1LHqLJ/iNlQxt9p1YA', 'MALONE@test.de'),
(397, 'HAMMOND', '$argon2id$v=19$m=65536,t=4,p=1$ZkRjNVJVaU83M1E1U3EuMg$ANBFNE+qN31RzlANFQGVsFoqS1LHqLJ/iNlQxt9p1YA', 'HAMMOND@test.de'),
(398, 'FLOWERS', '$argon2id$v=19$m=65536,t=4,p=1$ZkRjNVJVaU83M1E1U3EuMg$ANBFNE+qN31RzlANFQGVsFoqS1LHqLJ/iNlQxt9p1YA', 'FLOWERS@test.de'),
(399, 'COBB', '$argon2id$v=19$m=65536,t=4,p=1$ZkRjNVJVaU83M1E1U3EuMg$ANBFNE+qN31RzlANFQGVsFoqS1LHqLJ/iNlQxt9p1YA', 'COBB@test.de'),
(400, 'MOODY', '$argon2id$v=19$m=65536,t=4,p=1$ZkRjNVJVaU83M1E1U3EuMg$ANBFNE+qN31RzlANFQGVsFoqS1LHqLJ/iNlQxt9p1YA', 'MOODY@test.de'),
(401, 'QUINN', '$argon2id$v=19$m=65536,t=4,p=1$ZkRjNVJVaU83M1E1U3EuMg$ANBFNE+qN31RzlANFQGVsFoqS1LHqLJ/iNlQxt9p1YA', 'QUINN@test.de'),
(402, 'BLAKE', '$argon2id$v=19$m=65536,t=4,p=1$ZkRjNVJVaU83M1E1U3EuMg$ANBFNE+qN31RzlANFQGVsFoqS1LHqLJ/iNlQxt9p1YA', 'BLAKE@test.de'),
(403, 'MAXWELL', '$argon2id$v=19$m=65536,t=4,p=1$ZkRjNVJVaU83M1E1U3EuMg$ANBFNE+qN31RzlANFQGVsFoqS1LHqLJ/iNlQxt9p1YA', 'MAXWELL@test.de'),
(404, 'POPE', '$argon2id$v=19$m=65536,t=4,p=1$ZkRjNVJVaU83M1E1U3EuMg$ANBFNE+qN31RzlANFQGVsFoqS1LHqLJ/iNlQxt9p1YA', 'POPE@test.de'),
(405, 'FLOYD', '$argon2id$v=19$m=65536,t=4,p=1$ZkRjNVJVaU83M1E1U3EuMg$ANBFNE+qN31RzlANFQGVsFoqS1LHqLJ/iNlQxt9p1YA', 'FLOYD@test.de'),
(406, 'OSBORNE', '$argon2id$v=19$m=65536,t=4,p=1$ZkRjNVJVaU83M1E1U3EuMg$ANBFNE+qN31RzlANFQGVsFoqS1LHqLJ/iNlQxt9p1YA', 'OSBORNE@test.de'),
(407, 'PAUL', '$argon2id$v=19$m=65536,t=4,p=1$ZkRjNVJVaU83M1E1U3EuMg$ANBFNE+qN31RzlANFQGVsFoqS1LHqLJ/iNlQxt9p1YA', 'PAUL@test.de'),
(408, 'MCCARTHY', '$argon2id$v=19$m=65536,t=4,p=1$ZkRjNVJVaU83M1E1U3EuMg$ANBFNE+qN31RzlANFQGVsFoqS1LHqLJ/iNlQxt9p1YA', 'MCCARTHY@test.de'),
(409, 'GUERRERO', '$argon2id$v=19$m=65536,t=4,p=1$ZkRjNVJVaU83M1E1U3EuMg$ANBFNE+qN31RzlANFQGVsFoqS1LHqLJ/iNlQxt9p1YA', 'GUERRERO@test.de'),
(410, 'LINDSEY', '$argon2id$v=19$m=65536,t=4,p=1$ZkRjNVJVaU83M1E1U3EuMg$ANBFNE+qN31RzlANFQGVsFoqS1LHqLJ/iNlQxt9p1YA', 'LINDSEY@test.de'),
(411, 'ESTRADA', '$argon2id$v=19$m=65536,t=4,p=1$ZkRjNVJVaU83M1E1U3EuMg$ANBFNE+qN31RzlANFQGVsFoqS1LHqLJ/iNlQxt9p1YA', 'ESTRADA@test.de'),
(412, 'SANDOVAL', '$argon2id$v=19$m=65536,t=4,p=1$ZkRjNVJVaU83M1E1U3EuMg$ANBFNE+qN31RzlANFQGVsFoqS1LHqLJ/iNlQxt9p1YA', 'SANDOVAL@test.de'),
(413, 'GIBBS', '$argon2id$v=19$m=65536,t=4,p=1$ZkRjNVJVaU83M1E1U3EuMg$ANBFNE+qN31RzlANFQGVsFoqS1LHqLJ/iNlQxt9p1YA', 'GIBBS@test.de'),
(414, 'TYLER', '$argon2id$v=19$m=65536,t=4,p=1$ZkRjNVJVaU83M1E1U3EuMg$ANBFNE+qN31RzlANFQGVsFoqS1LHqLJ/iNlQxt9p1YA', 'TYLER@test.de'),
(415, 'GROSS', '$argon2id$v=19$m=65536,t=4,p=1$ZkRjNVJVaU83M1E1U3EuMg$ANBFNE+qN31RzlANFQGVsFoqS1LHqLJ/iNlQxt9p1YA', 'GROSS@test.de'),
(416, 'FITZGERALD', '$argon2id$v=19$m=65536,t=4,p=1$ZkRjNVJVaU83M1E1U3EuMg$ANBFNE+qN31RzlANFQGVsFoqS1LHqLJ/iNlQxt9p1YA', 'FITZGERALD@test.de'),
(417, 'STOKES', '$argon2id$v=19$m=65536,t=4,p=1$ZkRjNVJVaU83M1E1U3EuMg$ANBFNE+qN31RzlANFQGVsFoqS1LHqLJ/iNlQxt9p1YA', 'STOKES@test.de'),
(418, 'DOYLE', '$argon2id$v=19$m=65536,t=4,p=1$ZkRjNVJVaU83M1E1U3EuMg$ANBFNE+qN31RzlANFQGVsFoqS1LHqLJ/iNlQxt9p1YA', 'DOYLE@test.de'),
(419, 'SHERMAN', '$argon2id$v=19$m=65536,t=4,p=1$ZkRjNVJVaU83M1E1U3EuMg$ANBFNE+qN31RzlANFQGVsFoqS1LHqLJ/iNlQxt9p1YA', 'SHERMAN@test.de'),
(420, 'SAUNDERS', '$argon2id$v=19$m=65536,t=4,p=1$ZkRjNVJVaU83M1E1U3EuMg$ANBFNE+qN31RzlANFQGVsFoqS1LHqLJ/iNlQxt9p1YA', 'SAUNDERS@test.de'),
(421, 'WISE', '$argon2id$v=19$m=65536,t=4,p=1$ZkRjNVJVaU83M1E1U3EuMg$ANBFNE+qN31RzlANFQGVsFoqS1LHqLJ/iNlQxt9p1YA', 'WISE@test.de'),
(422, 'COLON', '$argon2id$v=19$m=65536,t=4,p=1$ZkRjNVJVaU83M1E1U3EuMg$ANBFNE+qN31RzlANFQGVsFoqS1LHqLJ/iNlQxt9p1YA', 'COLON@test.de'),
(423, 'GILL', '$argon2id$v=19$m=65536,t=4,p=1$ZkRjNVJVaU83M1E1U3EuMg$ANBFNE+qN31RzlANFQGVsFoqS1LHqLJ/iNlQxt9p1YA', 'GILL@test.de'),
(424, 'ALVARADO', '$argon2id$v=19$m=65536,t=4,p=1$ZkRjNVJVaU83M1E1U3EuMg$ANBFNE+qN31RzlANFQGVsFoqS1LHqLJ/iNlQxt9p1YA', 'ALVARADO@test.de'),
(425, 'GREER', '$argon2id$v=19$m=65536,t=4,p=1$ZkRjNVJVaU83M1E1U3EuMg$ANBFNE+qN31RzlANFQGVsFoqS1LHqLJ/iNlQxt9p1YA', 'GREER@test.de'),
(426, 'PADILLA', '$argon2id$v=19$m=65536,t=4,p=1$ZkRjNVJVaU83M1E1U3EuMg$ANBFNE+qN31RzlANFQGVsFoqS1LHqLJ/iNlQxt9p1YA', 'PADILLA@test.de'),
(427, 'SIMON', '$argon2id$v=19$m=65536,t=4,p=1$ZkRjNVJVaU83M1E1U3EuMg$ANBFNE+qN31RzlANFQGVsFoqS1LHqLJ/iNlQxt9p1YA', 'SIMON@test.de'),
(428, 'WATERS', '$argon2id$v=19$m=65536,t=4,p=1$ZkRjNVJVaU83M1E1U3EuMg$ANBFNE+qN31RzlANFQGVsFoqS1LHqLJ/iNlQxt9p1YA', 'WATERS@test.de'),
(429, 'NUNEZ', '$argon2id$v=19$m=65536,t=4,p=1$ZkRjNVJVaU83M1E1U3EuMg$ANBFNE+qN31RzlANFQGVsFoqS1LHqLJ/iNlQxt9p1YA', 'NUNEZ@test.de'),
(430, 'BALLARD', '$argon2id$v=19$m=65536,t=4,p=1$ZkRjNVJVaU83M1E1U3EuMg$ANBFNE+qN31RzlANFQGVsFoqS1LHqLJ/iNlQxt9p1YA', 'BALLARD@test.de'),
(431, 'SCHWARTZ', '$argon2id$v=19$m=65536,t=4,p=1$ZkRjNVJVaU83M1E1U3EuMg$ANBFNE+qN31RzlANFQGVsFoqS1LHqLJ/iNlQxt9p1YA', 'SCHWARTZ@test.de'),
(432, 'MCBRIDE', '$argon2id$v=19$m=65536,t=4,p=1$ZkRjNVJVaU83M1E1U3EuMg$ANBFNE+qN31RzlANFQGVsFoqS1LHqLJ/iNlQxt9p1YA', 'MCBRIDE@test.de'),
(433, 'HOUSTON', '$argon2id$v=19$m=65536,t=4,p=1$ZkRjNVJVaU83M1E1U3EuMg$ANBFNE+qN31RzlANFQGVsFoqS1LHqLJ/iNlQxt9p1YA', 'HOUSTON@test.de'),
(434, 'CHRISTENSEN', '$argon2id$v=19$m=65536,t=4,p=1$ZkRjNVJVaU83M1E1U3EuMg$ANBFNE+qN31RzlANFQGVsFoqS1LHqLJ/iNlQxt9p1YA', 'CHRISTENSEN@test.de'),
(435, 'KLEIN', '$argon2id$v=19$m=65536,t=4,p=1$ZkRjNVJVaU83M1E1U3EuMg$ANBFNE+qN31RzlANFQGVsFoqS1LHqLJ/iNlQxt9p1YA', 'KLEIN@test.de'),
(436, 'PRATT', '$argon2id$v=19$m=65536,t=4,p=1$ZkRjNVJVaU83M1E1U3EuMg$ANBFNE+qN31RzlANFQGVsFoqS1LHqLJ/iNlQxt9p1YA', 'PRATT@test.de'),
(437, 'BRIGGS', '$argon2id$v=19$m=65536,t=4,p=1$ZkRjNVJVaU83M1E1U3EuMg$ANBFNE+qN31RzlANFQGVsFoqS1LHqLJ/iNlQxt9p1YA', 'BRIGGS@test.de'),
(438, 'PARSONS', '$argon2id$v=19$m=65536,t=4,p=1$ZkRjNVJVaU83M1E1U3EuMg$ANBFNE+qN31RzlANFQGVsFoqS1LHqLJ/iNlQxt9p1YA', 'PARSONS@test.de'),
(439, 'MCLAUGHLIN', '$argon2id$v=19$m=65536,t=4,p=1$ZkRjNVJVaU83M1E1U3EuMg$ANBFNE+qN31RzlANFQGVsFoqS1LHqLJ/iNlQxt9p1YA', 'MCLAUGHLIN@test.de'),
(440, 'ZIMMERMAN', '$argon2id$v=19$m=65536,t=4,p=1$ZkRjNVJVaU83M1E1U3EuMg$ANBFNE+qN31RzlANFQGVsFoqS1LHqLJ/iNlQxt9p1YA', 'ZIMMERMAN@test.de'),
(441, 'FRENCH', '$argon2id$v=19$m=65536,t=4,p=1$ZkRjNVJVaU83M1E1U3EuMg$ANBFNE+qN31RzlANFQGVsFoqS1LHqLJ/iNlQxt9p1YA', 'FRENCH@test.de'),
(442, 'BUCHANAN', '$argon2id$v=19$m=65536,t=4,p=1$ZkRjNVJVaU83M1E1U3EuMg$ANBFNE+qN31RzlANFQGVsFoqS1LHqLJ/iNlQxt9p1YA', 'BUCHANAN@test.de'),
(443, 'MORAN', '$argon2id$v=19$m=65536,t=4,p=1$ZkRjNVJVaU83M1E1U3EuMg$ANBFNE+qN31RzlANFQGVsFoqS1LHqLJ/iNlQxt9p1YA', 'MORAN@test.de'),
(444, 'COPELAND', '$argon2id$v=19$m=65536,t=4,p=1$ZkRjNVJVaU83M1E1U3EuMg$ANBFNE+qN31RzlANFQGVsFoqS1LHqLJ/iNlQxt9p1YA', 'COPELAND@test.de'),
(445, 'ROY', '$argon2id$v=19$m=65536,t=4,p=1$ZkRjNVJVaU83M1E1U3EuMg$ANBFNE+qN31RzlANFQGVsFoqS1LHqLJ/iNlQxt9p1YA', 'ROY@test.de'),
(446, 'PITTMAN', '$argon2id$v=19$m=65536,t=4,p=1$ZkRjNVJVaU83M1E1U3EuMg$ANBFNE+qN31RzlANFQGVsFoqS1LHqLJ/iNlQxt9p1YA', 'PITTMAN@test.de'),
(447, 'BRADY', '$argon2id$v=19$m=65536,t=4,p=1$ZkRjNVJVaU83M1E1U3EuMg$ANBFNE+qN31RzlANFQGVsFoqS1LHqLJ/iNlQxt9p1YA', 'BRADY@test.de'),
(448, 'MCCORMICK', '$argon2id$v=19$m=65536,t=4,p=1$ZkRjNVJVaU83M1E1U3EuMg$ANBFNE+qN31RzlANFQGVsFoqS1LHqLJ/iNlQxt9p1YA', 'MCCORMICK@test.de'),
(449, 'HOLLOWAY', '$argon2id$v=19$m=65536,t=4,p=1$ZkRjNVJVaU83M1E1U3EuMg$ANBFNE+qN31RzlANFQGVsFoqS1LHqLJ/iNlQxt9p1YA', 'HOLLOWAY@test.de'),
(450, 'BROCK', '$argon2id$v=19$m=65536,t=4,p=1$ZkRjNVJVaU83M1E1U3EuMg$ANBFNE+qN31RzlANFQGVsFoqS1LHqLJ/iNlQxt9p1YA', 'BROCK@test.de'),
(451, 'POOLE', '$argon2id$v=19$m=65536,t=4,p=1$ZkRjNVJVaU83M1E1U3EuMg$ANBFNE+qN31RzlANFQGVsFoqS1LHqLJ/iNlQxt9p1YA', 'POOLE@test.de'),
(452, 'FRANK', '$argon2id$v=19$m=65536,t=4,p=1$ZkRjNVJVaU83M1E1U3EuMg$ANBFNE+qN31RzlANFQGVsFoqS1LHqLJ/iNlQxt9p1YA', 'FRANK@test.de'),
(453, 'LOGAN', '$argon2id$v=19$m=65536,t=4,p=1$ZkRjNVJVaU83M1E1U3EuMg$ANBFNE+qN31RzlANFQGVsFoqS1LHqLJ/iNlQxt9p1YA', 'LOGAN@test.de'),
(454, 'OWEN', '$argon2id$v=19$m=65536,t=4,p=1$ZkRjNVJVaU83M1E1U3EuMg$ANBFNE+qN31RzlANFQGVsFoqS1LHqLJ/iNlQxt9p1YA', 'OWEN@test.de'),
(455, 'BASS', '$argon2id$v=19$m=65536,t=4,p=1$ZkRjNVJVaU83M1E1U3EuMg$ANBFNE+qN31RzlANFQGVsFoqS1LHqLJ/iNlQxt9p1YA', 'BASS@test.de'),
(456, 'MARSH', '$argon2id$v=19$m=65536,t=4,p=1$ZkRjNVJVaU83M1E1U3EuMg$ANBFNE+qN31RzlANFQGVsFoqS1LHqLJ/iNlQxt9p1YA', 'MARSH@test.de'),
(457, 'DRAKE', '$argon2id$v=19$m=65536,t=4,p=1$ZkRjNVJVaU83M1E1U3EuMg$ANBFNE+qN31RzlANFQGVsFoqS1LHqLJ/iNlQxt9p1YA', 'DRAKE@test.de'),
(458, 'WONG', '$argon2id$v=19$m=65536,t=4,p=1$ZkRjNVJVaU83M1E1U3EuMg$ANBFNE+qN31RzlANFQGVsFoqS1LHqLJ/iNlQxt9p1YA', 'WONG@test.de'),
(459, 'JEFFERSON', '$argon2id$v=19$m=65536,t=4,p=1$ZkRjNVJVaU83M1E1U3EuMg$ANBFNE+qN31RzlANFQGVsFoqS1LHqLJ/iNlQxt9p1YA', 'JEFFERSON@test.de'),
(460, 'PARK', '$argon2id$v=19$m=65536,t=4,p=1$ZkRjNVJVaU83M1E1U3EuMg$ANBFNE+qN31RzlANFQGVsFoqS1LHqLJ/iNlQxt9p1YA', 'PARK@test.de'),
(461, 'MORTON', '$argon2id$v=19$m=65536,t=4,p=1$ZkRjNVJVaU83M1E1U3EuMg$ANBFNE+qN31RzlANFQGVsFoqS1LHqLJ/iNlQxt9p1YA', 'MORTON@test.de'),
(462, 'ABBOTT', '$argon2id$v=19$m=65536,t=4,p=1$ZkRjNVJVaU83M1E1U3EuMg$ANBFNE+qN31RzlANFQGVsFoqS1LHqLJ/iNlQxt9p1YA', 'ABBOTT@test.de'),
(463, 'SPARKS', '$argon2id$v=19$m=65536,t=4,p=1$ZkRjNVJVaU83M1E1U3EuMg$ANBFNE+qN31RzlANFQGVsFoqS1LHqLJ/iNlQxt9p1YA', 'SPARKS@test.de'),
(464, 'PATRICK', '$argon2id$v=19$m=65536,t=4,p=1$ZkRjNVJVaU83M1E1U3EuMg$ANBFNE+qN31RzlANFQGVsFoqS1LHqLJ/iNlQxt9p1YA', 'PATRICK@test.de'),
(465, 'NORTON', '$argon2id$v=19$m=65536,t=4,p=1$ZkRjNVJVaU83M1E1U3EuMg$ANBFNE+qN31RzlANFQGVsFoqS1LHqLJ/iNlQxt9p1YA', 'NORTON@test.de'),
(466, 'HUFF', '$argon2id$v=19$m=65536,t=4,p=1$ZkRjNVJVaU83M1E1U3EuMg$ANBFNE+qN31RzlANFQGVsFoqS1LHqLJ/iNlQxt9p1YA', 'HUFF@test.de'),
(467, 'CLAYTON', '$argon2id$v=19$m=65536,t=4,p=1$ZkRjNVJVaU83M1E1U3EuMg$ANBFNE+qN31RzlANFQGVsFoqS1LHqLJ/iNlQxt9p1YA', 'CLAYTON@test.de'),
(468, 'MASSEY', '$argon2id$v=19$m=65536,t=4,p=1$ZkRjNVJVaU83M1E1U3EuMg$ANBFNE+qN31RzlANFQGVsFoqS1LHqLJ/iNlQxt9p1YA', 'MASSEY@test.de'),
(469, 'LLOYD', '$argon2id$v=19$m=65536,t=4,p=1$ZkRjNVJVaU83M1E1U3EuMg$ANBFNE+qN31RzlANFQGVsFoqS1LHqLJ/iNlQxt9p1YA', 'LLOYD@test.de'),
(470, 'FIGUEROA', '$argon2id$v=19$m=65536,t=4,p=1$ZkRjNVJVaU83M1E1U3EuMg$ANBFNE+qN31RzlANFQGVsFoqS1LHqLJ/iNlQxt9p1YA', 'FIGUEROA@test.de'),
(471, 'CARSON', '$argon2id$v=19$m=65536,t=4,p=1$ZkRjNVJVaU83M1E1U3EuMg$ANBFNE+qN31RzlANFQGVsFoqS1LHqLJ/iNlQxt9p1YA', 'CARSON@test.de'),
(472, 'BOWERS', '$argon2id$v=19$m=65536,t=4,p=1$ZkRjNVJVaU83M1E1U3EuMg$ANBFNE+qN31RzlANFQGVsFoqS1LHqLJ/iNlQxt9p1YA', 'BOWERS@test.de'),
(473, 'ROBERSON', '$argon2id$v=19$m=65536,t=4,p=1$ZkRjNVJVaU83M1E1U3EuMg$ANBFNE+qN31RzlANFQGVsFoqS1LHqLJ/iNlQxt9p1YA', 'ROBERSON@test.de'),
(474, 'BARTON', '$argon2id$v=19$m=65536,t=4,p=1$ZkRjNVJVaU83M1E1U3EuMg$ANBFNE+qN31RzlANFQGVsFoqS1LHqLJ/iNlQxt9p1YA', 'BARTON@test.de'),
(475, 'TRAN', '$argon2id$v=19$m=65536,t=4,p=1$ZkRjNVJVaU83M1E1U3EuMg$ANBFNE+qN31RzlANFQGVsFoqS1LHqLJ/iNlQxt9p1YA', 'TRAN@test.de'),
(476, 'LAMB', '$argon2id$v=19$m=65536,t=4,p=1$ZkRjNVJVaU83M1E1U3EuMg$ANBFNE+qN31RzlANFQGVsFoqS1LHqLJ/iNlQxt9p1YA', 'LAMB@test.de'),
(477, 'HARRINGTON', '$argon2id$v=19$m=65536,t=4,p=1$ZkRjNVJVaU83M1E1U3EuMg$ANBFNE+qN31RzlANFQGVsFoqS1LHqLJ/iNlQxt9p1YA', 'HARRINGTON@test.de'),
(478, 'CASEY', '$argon2id$v=19$m=65536,t=4,p=1$ZkRjNVJVaU83M1E1U3EuMg$ANBFNE+qN31RzlANFQGVsFoqS1LHqLJ/iNlQxt9p1YA', 'CASEY@test.de'),
(479, 'BOONE', '$argon2id$v=19$m=65536,t=4,p=1$ZkRjNVJVaU83M1E1U3EuMg$ANBFNE+qN31RzlANFQGVsFoqS1LHqLJ/iNlQxt9p1YA', 'BOONE@test.de'),
(480, 'CORTEZ', '$argon2id$v=19$m=65536,t=4,p=1$ZkRjNVJVaU83M1E1U3EuMg$ANBFNE+qN31RzlANFQGVsFoqS1LHqLJ/iNlQxt9p1YA', 'CORTEZ@test.de'),
(481, 'CLARKE', '$argon2id$v=19$m=65536,t=4,p=1$ZkRjNVJVaU83M1E1U3EuMg$ANBFNE+qN31RzlANFQGVsFoqS1LHqLJ/iNlQxt9p1YA', 'CLARKE@test.de'),
(482, 'MATHIS', '$argon2id$v=19$m=65536,t=4,p=1$ZkRjNVJVaU83M1E1U3EuMg$ANBFNE+qN31RzlANFQGVsFoqS1LHqLJ/iNlQxt9p1YA', 'MATHIS@test.de'),
(483, 'SINGLETON', '$argon2id$v=19$m=65536,t=4,p=1$ZkRjNVJVaU83M1E1U3EuMg$ANBFNE+qN31RzlANFQGVsFoqS1LHqLJ/iNlQxt9p1YA', 'SINGLETON@test.de'),
(484, 'WILKINS', '$argon2id$v=19$m=65536,t=4,p=1$ZkRjNVJVaU83M1E1U3EuMg$ANBFNE+qN31RzlANFQGVsFoqS1LHqLJ/iNlQxt9p1YA', 'WILKINS@test.de'),
(485, 'CAIN', '$argon2id$v=19$m=65536,t=4,p=1$ZkRjNVJVaU83M1E1U3EuMg$ANBFNE+qN31RzlANFQGVsFoqS1LHqLJ/iNlQxt9p1YA', 'CAIN@test.de'),
(486, 'BRYAN', '$argon2id$v=19$m=65536,t=4,p=1$ZkRjNVJVaU83M1E1U3EuMg$ANBFNE+qN31RzlANFQGVsFoqS1LHqLJ/iNlQxt9p1YA', 'BRYAN@test.de'),
(487, 'UNDERWOOD', '$argon2id$v=19$m=65536,t=4,p=1$ZkRjNVJVaU83M1E1U3EuMg$ANBFNE+qN31RzlANFQGVsFoqS1LHqLJ/iNlQxt9p1YA', 'UNDERWOOD@test.de'),
(488, 'HOGAN', '$argon2id$v=19$m=65536,t=4,p=1$ZkRjNVJVaU83M1E1U3EuMg$ANBFNE+qN31RzlANFQGVsFoqS1LHqLJ/iNlQxt9p1YA', 'HOGAN@test.de'),
(489, 'MCKENZIE', '$argon2id$v=19$m=65536,t=4,p=1$ZkRjNVJVaU83M1E1U3EuMg$ANBFNE+qN31RzlANFQGVsFoqS1LHqLJ/iNlQxt9p1YA', 'MCKENZIE@test.de'),
(490, 'COLLIER', '$argon2id$v=19$m=65536,t=4,p=1$ZkRjNVJVaU83M1E1U3EuMg$ANBFNE+qN31RzlANFQGVsFoqS1LHqLJ/iNlQxt9p1YA', 'COLLIER@test.de'),
(491, 'LUNA', '$argon2id$v=19$m=65536,t=4,p=1$ZkRjNVJVaU83M1E1U3EuMg$ANBFNE+qN31RzlANFQGVsFoqS1LHqLJ/iNlQxt9p1YA', 'LUNA@test.de'),
(492, 'PHELPS', '$argon2id$v=19$m=65536,t=4,p=1$ZkRjNVJVaU83M1E1U3EuMg$ANBFNE+qN31RzlANFQGVsFoqS1LHqLJ/iNlQxt9p1YA', 'PHELPS@test.de'),
(493, 'MCGUIRE', '$argon2id$v=19$m=65536,t=4,p=1$ZkRjNVJVaU83M1E1U3EuMg$ANBFNE+qN31RzlANFQGVsFoqS1LHqLJ/iNlQxt9p1YA', 'MCGUIRE@test.de'),
(494, 'ALLISON', '$argon2id$v=19$m=65536,t=4,p=1$ZkRjNVJVaU83M1E1U3EuMg$ANBFNE+qN31RzlANFQGVsFoqS1LHqLJ/iNlQxt9p1YA', 'ALLISON@test.de'),
(495, 'BRIDGES', '$argon2id$v=19$m=65536,t=4,p=1$ZkRjNVJVaU83M1E1U3EuMg$ANBFNE+qN31RzlANFQGVsFoqS1LHqLJ/iNlQxt9p1YA', 'BRIDGES@test.de'),
(496, 'WILKERSON', '$argon2id$v=19$m=65536,t=4,p=1$ZkRjNVJVaU83M1E1U3EuMg$ANBFNE+qN31RzlANFQGVsFoqS1LHqLJ/iNlQxt9p1YA', 'WILKERSON@test.de'),
(497, 'NASH', '$argon2id$v=19$m=65536,t=4,p=1$ZkRjNVJVaU83M1E1U3EuMg$ANBFNE+qN31RzlANFQGVsFoqS1LHqLJ/iNlQxt9p1YA', 'NASH@test.de'),
(498, 'SUMMERS', '$argon2id$v=19$m=65536,t=4,p=1$ZkRjNVJVaU83M1E1U3EuMg$ANBFNE+qN31RzlANFQGVsFoqS1LHqLJ/iNlQxt9p1YA', 'SUMMERS@test.de'),
(499, 'ATKINS', '$argon2id$v=19$m=65536,t=4,p=1$ZkRjNVJVaU83M1E1U3EuMg$ANBFNE+qN31RzlANFQGVsFoqS1LHqLJ/iNlQxt9p1YA', 'ATKINS@test.de'),
(500, 'WILCOX', '$argon2id$v=19$m=65536,t=4,p=1$ZkRjNVJVaU83M1E1U3EuMg$ANBFNE+qN31RzlANFQGVsFoqS1LHqLJ/iNlQxt9p1YA', 'WILCOX@test.de'),
(501, 'PITTS', '$argon2id$v=19$m=65536,t=4,p=1$ZkRjNVJVaU83M1E1U3EuMg$ANBFNE+qN31RzlANFQGVsFoqS1LHqLJ/iNlQxt9p1YA', 'PITTS@test.de'),
(502, 'CONLEY', '$argon2id$v=19$m=65536,t=4,p=1$ZkRjNVJVaU83M1E1U3EuMg$ANBFNE+qN31RzlANFQGVsFoqS1LHqLJ/iNlQxt9p1YA', 'CONLEY@test.de'),
(503, 'MARQUEZ', '$argon2id$v=19$m=65536,t=4,p=1$ZkRjNVJVaU83M1E1U3EuMg$ANBFNE+qN31RzlANFQGVsFoqS1LHqLJ/iNlQxt9p1YA', 'MARQUEZ@test.de'),
(504, 'BURNETT', '$argon2id$v=19$m=65536,t=4,p=1$ZkRjNVJVaU83M1E1U3EuMg$ANBFNE+qN31RzlANFQGVsFoqS1LHqLJ/iNlQxt9p1YA', 'BURNETT@test.de'),
(505, 'RICHARD', '$argon2id$v=19$m=65536,t=4,p=1$ZkRjNVJVaU83M1E1U3EuMg$ANBFNE+qN31RzlANFQGVsFoqS1LHqLJ/iNlQxt9p1YA', 'RICHARD@test.de'),
(506, 'COCHRAN', '$argon2id$v=19$m=65536,t=4,p=1$ZkRjNVJVaU83M1E1U3EuMg$ANBFNE+qN31RzlANFQGVsFoqS1LHqLJ/iNlQxt9p1YA', 'COCHRAN@test.de'),
(507, 'CHASE', '$argon2id$v=19$m=65536,t=4,p=1$ZkRjNVJVaU83M1E1U3EuMg$ANBFNE+qN31RzlANFQGVsFoqS1LHqLJ/iNlQxt9p1YA', 'CHASE@test.de'),
(508, 'DAVENPORT', '$argon2id$v=19$m=65536,t=4,p=1$ZkRjNVJVaU83M1E1U3EuMg$ANBFNE+qN31RzlANFQGVsFoqS1LHqLJ/iNlQxt9p1YA', 'DAVENPORT@test.de'),
(509, 'HOOD', '$argon2id$v=19$m=65536,t=4,p=1$ZkRjNVJVaU83M1E1U3EuMg$ANBFNE+qN31RzlANFQGVsFoqS1LHqLJ/iNlQxt9p1YA', 'HOOD@test.de'),
(510, 'GATES', '$argon2id$v=19$m=65536,t=4,p=1$ZkRjNVJVaU83M1E1U3EuMg$ANBFNE+qN31RzlANFQGVsFoqS1LHqLJ/iNlQxt9p1YA', 'GATES@test.de'),
(511, 'CLAY', '$argon2id$v=19$m=65536,t=4,p=1$ZkRjNVJVaU83M1E1U3EuMg$ANBFNE+qN31RzlANFQGVsFoqS1LHqLJ/iNlQxt9p1YA', 'CLAY@test.de'),
(512, 'AYALA', '$argon2id$v=19$m=65536,t=4,p=1$ZkRjNVJVaU83M1E1U3EuMg$ANBFNE+qN31RzlANFQGVsFoqS1LHqLJ/iNlQxt9p1YA', 'AYALA@test.de'),
(513, 'SAWYER', '$argon2id$v=19$m=65536,t=4,p=1$ZkRjNVJVaU83M1E1U3EuMg$ANBFNE+qN31RzlANFQGVsFoqS1LHqLJ/iNlQxt9p1YA', 'SAWYER@test.de'),
(514, 'ROMAN', '$argon2id$v=19$m=65536,t=4,p=1$ZkRjNVJVaU83M1E1U3EuMg$ANBFNE+qN31RzlANFQGVsFoqS1LHqLJ/iNlQxt9p1YA', 'ROMAN@test.de'),
(515, 'VAZQUEZ', '$argon2id$v=19$m=65536,t=4,p=1$ZkRjNVJVaU83M1E1U3EuMg$ANBFNE+qN31RzlANFQGVsFoqS1LHqLJ/iNlQxt9p1YA', 'VAZQUEZ@test.de'),
(516, 'DICKERSON', '$argon2id$v=19$m=65536,t=4,p=1$ZkRjNVJVaU83M1E1U3EuMg$ANBFNE+qN31RzlANFQGVsFoqS1LHqLJ/iNlQxt9p1YA', 'DICKERSON@test.de'),
(517, 'HODGE', '$argon2id$v=19$m=65536,t=4,p=1$ZkRjNVJVaU83M1E1U3EuMg$ANBFNE+qN31RzlANFQGVsFoqS1LHqLJ/iNlQxt9p1YA', 'HODGE@test.de'),
(518, 'ACOSTA', '$argon2id$v=19$m=65536,t=4,p=1$ZkRjNVJVaU83M1E1U3EuMg$ANBFNE+qN31RzlANFQGVsFoqS1LHqLJ/iNlQxt9p1YA', 'ACOSTA@test.de'),
(519, 'FLYNN', '$argon2id$v=19$m=65536,t=4,p=1$ZkRjNVJVaU83M1E1U3EuMg$ANBFNE+qN31RzlANFQGVsFoqS1LHqLJ/iNlQxt9p1YA', 'FLYNN@test.de'),
(520, 'ESPINOZA', '$argon2id$v=19$m=65536,t=4,p=1$ZkRjNVJVaU83M1E1U3EuMg$ANBFNE+qN31RzlANFQGVsFoqS1LHqLJ/iNlQxt9p1YA', 'ESPINOZA@test.de'),
(521, 'NICHOLSON', '$argon2id$v=19$m=65536,t=4,p=1$ZkRjNVJVaU83M1E1U3EuMg$ANBFNE+qN31RzlANFQGVsFoqS1LHqLJ/iNlQxt9p1YA', 'NICHOLSON@test.de'),
(522, 'MONROE', '$argon2id$v=19$m=65536,t=4,p=1$ZkRjNVJVaU83M1E1U3EuMg$ANBFNE+qN31RzlANFQGVsFoqS1LHqLJ/iNlQxt9p1YA', 'MONROE@test.de'),
(523, 'WOLF', '$argon2id$v=19$m=65536,t=4,p=1$ZkRjNVJVaU83M1E1U3EuMg$ANBFNE+qN31RzlANFQGVsFoqS1LHqLJ/iNlQxt9p1YA', 'WOLF@test.de'),
(524, 'MORROW', '$argon2id$v=19$m=65536,t=4,p=1$ZkRjNVJVaU83M1E1U3EuMg$ANBFNE+qN31RzlANFQGVsFoqS1LHqLJ/iNlQxt9p1YA', 'MORROW@test.de'),
(525, 'KIRK', '$argon2id$v=19$m=65536,t=4,p=1$ZkRjNVJVaU83M1E1U3EuMg$ANBFNE+qN31RzlANFQGVsFoqS1LHqLJ/iNlQxt9p1YA', 'KIRK@test.de'),
(526, 'RANDALL', '$argon2id$v=19$m=65536,t=4,p=1$ZkRjNVJVaU83M1E1U3EuMg$ANBFNE+qN31RzlANFQGVsFoqS1LHqLJ/iNlQxt9p1YA', 'RANDALL@test.de'),
(527, 'ANTHONY', '$argon2id$v=19$m=65536,t=4,p=1$ZkRjNVJVaU83M1E1U3EuMg$ANBFNE+qN31RzlANFQGVsFoqS1LHqLJ/iNlQxt9p1YA', 'ANTHONY@test.de'),
(528, 'WHITAKER', '$argon2id$v=19$m=65536,t=4,p=1$ZkRjNVJVaU83M1E1U3EuMg$ANBFNE+qN31RzlANFQGVsFoqS1LHqLJ/iNlQxt9p1YA', 'WHITAKER@test.de'),
(529, 'OCONNOR', '$argon2id$v=19$m=65536,t=4,p=1$ZkRjNVJVaU83M1E1U3EuMg$ANBFNE+qN31RzlANFQGVsFoqS1LHqLJ/iNlQxt9p1YA', 'OCONNOR@test.de'),
(530, 'SKINNER', '$argon2id$v=19$m=65536,t=4,p=1$ZkRjNVJVaU83M1E1U3EuMg$ANBFNE+qN31RzlANFQGVsFoqS1LHqLJ/iNlQxt9p1YA', 'SKINNER@test.de'),
(531, 'WARE', '$argon2id$v=19$m=65536,t=4,p=1$ZkRjNVJVaU83M1E1U3EuMg$ANBFNE+qN31RzlANFQGVsFoqS1LHqLJ/iNlQxt9p1YA', 'WARE@test.de'),
(532, 'MOLINA', '$argon2id$v=19$m=65536,t=4,p=1$ZkRjNVJVaU83M1E1U3EuMg$ANBFNE+qN31RzlANFQGVsFoqS1LHqLJ/iNlQxt9p1YA', 'MOLINA@test.de'),
(533, 'KIRBY', '$argon2id$v=19$m=65536,t=4,p=1$ZkRjNVJVaU83M1E1U3EuMg$ANBFNE+qN31RzlANFQGVsFoqS1LHqLJ/iNlQxt9p1YA', 'KIRBY@test.de'),
(534, 'HUFFMAN', '$argon2id$v=19$m=65536,t=4,p=1$ZkRjNVJVaU83M1E1U3EuMg$ANBFNE+qN31RzlANFQGVsFoqS1LHqLJ/iNlQxt9p1YA', 'HUFFMAN@test.de'),
(535, 'BRADFORD', '$argon2id$v=19$m=65536,t=4,p=1$ZkRjNVJVaU83M1E1U3EuMg$ANBFNE+qN31RzlANFQGVsFoqS1LHqLJ/iNlQxt9p1YA', 'BRADFORD@test.de'),
(536, 'CHARLES', '$argon2id$v=19$m=65536,t=4,p=1$ZkRjNVJVaU83M1E1U3EuMg$ANBFNE+qN31RzlANFQGVsFoqS1LHqLJ/iNlQxt9p1YA', 'CHARLES@test.de'),
(537, 'GILMORE', '$argon2id$v=19$m=65536,t=4,p=1$ZkRjNVJVaU83M1E1U3EuMg$ANBFNE+qN31RzlANFQGVsFoqS1LHqLJ/iNlQxt9p1YA', 'GILMORE@test.de'),
(538, 'DOMINGUEZ', '$argon2id$v=19$m=65536,t=4,p=1$ZkRjNVJVaU83M1E1U3EuMg$ANBFNE+qN31RzlANFQGVsFoqS1LHqLJ/iNlQxt9p1YA', 'DOMINGUEZ@test.de'),
(539, 'ONEAL', '$argon2id$v=19$m=65536,t=4,p=1$ZkRjNVJVaU83M1E1U3EuMg$ANBFNE+qN31RzlANFQGVsFoqS1LHqLJ/iNlQxt9p1YA', 'ONEAL@test.de'),
(540, 'BRUCE', '$argon2id$v=19$m=65536,t=4,p=1$ZkRjNVJVaU83M1E1U3EuMg$ANBFNE+qN31RzlANFQGVsFoqS1LHqLJ/iNlQxt9p1YA', 'BRUCE@test.de'),
(541, 'LANG', '$argon2id$v=19$m=65536,t=4,p=1$ZkRjNVJVaU83M1E1U3EuMg$ANBFNE+qN31RzlANFQGVsFoqS1LHqLJ/iNlQxt9p1YA', 'LANG@test.de'),
(542, 'COMBS', '$argon2id$v=19$m=65536,t=4,p=1$ZkRjNVJVaU83M1E1U3EuMg$ANBFNE+qN31RzlANFQGVsFoqS1LHqLJ/iNlQxt9p1YA', 'COMBS@test.de'),
(543, 'KRAMER', '$argon2id$v=19$m=65536,t=4,p=1$ZkRjNVJVaU83M1E1U3EuMg$ANBFNE+qN31RzlANFQGVsFoqS1LHqLJ/iNlQxt9p1YA', 'KRAMER@test.de'),
(544, 'HEATH', '$argon2id$v=19$m=65536,t=4,p=1$ZkRjNVJVaU83M1E1U3EuMg$ANBFNE+qN31RzlANFQGVsFoqS1LHqLJ/iNlQxt9p1YA', 'HEATH@test.de'),
(545, 'HANCOCK', '$argon2id$v=19$m=65536,t=4,p=1$ZkRjNVJVaU83M1E1U3EuMg$ANBFNE+qN31RzlANFQGVsFoqS1LHqLJ/iNlQxt9p1YA', 'HANCOCK@test.de'),
(546, 'GALLAGHER', '$argon2id$v=19$m=65536,t=4,p=1$ZkRjNVJVaU83M1E1U3EuMg$ANBFNE+qN31RzlANFQGVsFoqS1LHqLJ/iNlQxt9p1YA', 'GALLAGHER@test.de'),
(547, 'GAINES', '$argon2id$v=19$m=65536,t=4,p=1$ZkRjNVJVaU83M1E1U3EuMg$ANBFNE+qN31RzlANFQGVsFoqS1LHqLJ/iNlQxt9p1YA', 'GAINES@test.de'),
(548, 'SHAFFER', '$argon2id$v=19$m=65536,t=4,p=1$ZkRjNVJVaU83M1E1U3EuMg$ANBFNE+qN31RzlANFQGVsFoqS1LHqLJ/iNlQxt9p1YA', 'SHAFFER@test.de'),
(549, 'SHORT', '$argon2id$v=19$m=65536,t=4,p=1$ZkRjNVJVaU83M1E1U3EuMg$ANBFNE+qN31RzlANFQGVsFoqS1LHqLJ/iNlQxt9p1YA', 'SHORT@test.de'),
(550, 'WIGGINS', '$argon2id$v=19$m=65536,t=4,p=1$ZkRjNVJVaU83M1E1U3EuMg$ANBFNE+qN31RzlANFQGVsFoqS1LHqLJ/iNlQxt9p1YA', 'WIGGINS@test.de'),
(551, 'MATHEWS', '$argon2id$v=19$m=65536,t=4,p=1$ZkRjNVJVaU83M1E1U3EuMg$ANBFNE+qN31RzlANFQGVsFoqS1LHqLJ/iNlQxt9p1YA', 'MATHEWS@test.de'),
(552, 'MCCLAIN', '$argon2id$v=19$m=65536,t=4,p=1$ZkRjNVJVaU83M1E1U3EuMg$ANBFNE+qN31RzlANFQGVsFoqS1LHqLJ/iNlQxt9p1YA', 'MCCLAIN@test.de'),
(553, 'FISCHER', '$argon2id$v=19$m=65536,t=4,p=1$ZkRjNVJVaU83M1E1U3EuMg$ANBFNE+qN31RzlANFQGVsFoqS1LHqLJ/iNlQxt9p1YA', 'FISCHER@test.de'),
(554, 'WALL', '$argon2id$v=19$m=65536,t=4,p=1$ZkRjNVJVaU83M1E1U3EuMg$ANBFNE+qN31RzlANFQGVsFoqS1LHqLJ/iNlQxt9p1YA', 'WALL@test.de'),
(555, 'SMALL', '$argon2id$v=19$m=65536,t=4,p=1$ZkRjNVJVaU83M1E1U3EuMg$ANBFNE+qN31RzlANFQGVsFoqS1LHqLJ/iNlQxt9p1YA', 'SMALL@test.de'),
(556, 'MELTON', '$argon2id$v=19$m=65536,t=4,p=1$ZkRjNVJVaU83M1E1U3EuMg$ANBFNE+qN31RzlANFQGVsFoqS1LHqLJ/iNlQxt9p1YA', 'MELTON@test.de'),
(557, 'HENSLEY', '$argon2id$v=19$m=65536,t=4,p=1$ZkRjNVJVaU83M1E1U3EuMg$ANBFNE+qN31RzlANFQGVsFoqS1LHqLJ/iNlQxt9p1YA', 'HENSLEY@test.de'),
(558, 'BOND', '$argon2id$v=19$m=65536,t=4,p=1$ZkRjNVJVaU83M1E1U3EuMg$ANBFNE+qN31RzlANFQGVsFoqS1LHqLJ/iNlQxt9p1YA', 'BOND@test.de'),
(559, 'DYER', '$argon2id$v=19$m=65536,t=4,p=1$ZkRjNVJVaU83M1E1U3EuMg$ANBFNE+qN31RzlANFQGVsFoqS1LHqLJ/iNlQxt9p1YA', 'DYER@test.de'),
(560, 'CAMERON', '$argon2id$v=19$m=65536,t=4,p=1$ZkRjNVJVaU83M1E1U3EuMg$ANBFNE+qN31RzlANFQGVsFoqS1LHqLJ/iNlQxt9p1YA', 'CAMERON@test.de'),
(561, 'GRIMES', '$argon2id$v=19$m=65536,t=4,p=1$ZkRjNVJVaU83M1E1U3EuMg$ANBFNE+qN31RzlANFQGVsFoqS1LHqLJ/iNlQxt9p1YA', 'GRIMES@test.de'),
(562, 'CONTRERAS', '$argon2id$v=19$m=65536,t=4,p=1$ZkRjNVJVaU83M1E1U3EuMg$ANBFNE+qN31RzlANFQGVsFoqS1LHqLJ/iNlQxt9p1YA', 'CONTRERAS@test.de'),
(563, 'CHRISTIAN', '$argon2id$v=19$m=65536,t=4,p=1$ZkRjNVJVaU83M1E1U3EuMg$ANBFNE+qN31RzlANFQGVsFoqS1LHqLJ/iNlQxt9p1YA', 'CHRISTIAN@test.de'),
(564, 'WYATT', '$argon2id$v=19$m=65536,t=4,p=1$ZkRjNVJVaU83M1E1U3EuMg$ANBFNE+qN31RzlANFQGVsFoqS1LHqLJ/iNlQxt9p1YA', 'WYATT@test.de'),
(565, 'BAXTER', '$argon2id$v=19$m=65536,t=4,p=1$ZkRjNVJVaU83M1E1U3EuMg$ANBFNE+qN31RzlANFQGVsFoqS1LHqLJ/iNlQxt9p1YA', 'BAXTER@test.de'),
(566, 'SNOW', '$argon2id$v=19$m=65536,t=4,p=1$ZkRjNVJVaU83M1E1U3EuMg$ANBFNE+qN31RzlANFQGVsFoqS1LHqLJ/iNlQxt9p1YA', 'SNOW@test.de'),
(567, 'MOSLEY', '$argon2id$v=19$m=65536,t=4,p=1$ZkRjNVJVaU83M1E1U3EuMg$ANBFNE+qN31RzlANFQGVsFoqS1LHqLJ/iNlQxt9p1YA', 'MOSLEY@test.de'),
(568, 'SHEPHERD', '$argon2id$v=19$m=65536,t=4,p=1$ZkRjNVJVaU83M1E1U3EuMg$ANBFNE+qN31RzlANFQGVsFoqS1LHqLJ/iNlQxt9p1YA', 'SHEPHERD@test.de'),
(569, 'LARSEN', '$argon2id$v=19$m=65536,t=4,p=1$ZkRjNVJVaU83M1E1U3EuMg$ANBFNE+qN31RzlANFQGVsFoqS1LHqLJ/iNlQxt9p1YA', 'LARSEN@test.de'),
(570, 'HOOVER', '$argon2id$v=19$m=65536,t=4,p=1$ZkRjNVJVaU83M1E1U3EuMg$ANBFNE+qN31RzlANFQGVsFoqS1LHqLJ/iNlQxt9p1YA', 'HOOVER@test.de'),
(571, 'BEASLEY', '$argon2id$v=19$m=65536,t=4,p=1$ZkRjNVJVaU83M1E1U3EuMg$ANBFNE+qN31RzlANFQGVsFoqS1LHqLJ/iNlQxt9p1YA', 'BEASLEY@test.de'),
(572, 'GLENN', '$argon2id$v=19$m=65536,t=4,p=1$ZkRjNVJVaU83M1E1U3EuMg$ANBFNE+qN31RzlANFQGVsFoqS1LHqLJ/iNlQxt9p1YA', 'GLENN@test.de'),
(573, 'PETERSEN', '$argon2id$v=19$m=65536,t=4,p=1$ZkRjNVJVaU83M1E1U3EuMg$ANBFNE+qN31RzlANFQGVsFoqS1LHqLJ/iNlQxt9p1YA', 'PETERSEN@test.de'),
(574, 'WHITEHEAD', '$argon2id$v=19$m=65536,t=4,p=1$ZkRjNVJVaU83M1E1U3EuMg$ANBFNE+qN31RzlANFQGVsFoqS1LHqLJ/iNlQxt9p1YA', 'WHITEHEAD@test.de'),
(575, 'MEYERS', '$argon2id$v=19$m=65536,t=4,p=1$ZkRjNVJVaU83M1E1U3EuMg$ANBFNE+qN31RzlANFQGVsFoqS1LHqLJ/iNlQxt9p1YA', 'MEYERS@test.de'),
(576, 'KEITH', '$argon2id$v=19$m=65536,t=4,p=1$ZkRjNVJVaU83M1E1U3EuMg$ANBFNE+qN31RzlANFQGVsFoqS1LHqLJ/iNlQxt9p1YA', 'KEITH@test.de'),
(577, 'GARRISON', '$argon2id$v=19$m=65536,t=4,p=1$ZkRjNVJVaU83M1E1U3EuMg$ANBFNE+qN31RzlANFQGVsFoqS1LHqLJ/iNlQxt9p1YA', 'GARRISON@test.de'),
(578, 'VINCENT', '$argon2id$v=19$m=65536,t=4,p=1$ZkRjNVJVaU83M1E1U3EuMg$ANBFNE+qN31RzlANFQGVsFoqS1LHqLJ/iNlQxt9p1YA', 'VINCENT@test.de'),
(579, 'SHIELDS', '$argon2id$v=19$m=65536,t=4,p=1$ZkRjNVJVaU83M1E1U3EuMg$ANBFNE+qN31RzlANFQGVsFoqS1LHqLJ/iNlQxt9p1YA', 'SHIELDS@test.de'),
(580, 'HORN', '$argon2id$v=19$m=65536,t=4,p=1$ZkRjNVJVaU83M1E1U3EuMg$ANBFNE+qN31RzlANFQGVsFoqS1LHqLJ/iNlQxt9p1YA', 'HORN@test.de'),
(581, 'SAVAGE', '$argon2id$v=19$m=65536,t=4,p=1$ZkRjNVJVaU83M1E1U3EuMg$ANBFNE+qN31RzlANFQGVsFoqS1LHqLJ/iNlQxt9p1YA', 'SAVAGE@test.de'),
(582, 'OLSEN', '$argon2id$v=19$m=65536,t=4,p=1$ZkRjNVJVaU83M1E1U3EuMg$ANBFNE+qN31RzlANFQGVsFoqS1LHqLJ/iNlQxt9p1YA', 'OLSEN@test.de'),
(583, 'SCHROEDER', '$argon2id$v=19$m=65536,t=4,p=1$ZkRjNVJVaU83M1E1U3EuMg$ANBFNE+qN31RzlANFQGVsFoqS1LHqLJ/iNlQxt9p1YA', 'SCHROEDER@test.de'),
(584, 'HARTMAN', '$argon2id$v=19$m=65536,t=4,p=1$ZkRjNVJVaU83M1E1U3EuMg$ANBFNE+qN31RzlANFQGVsFoqS1LHqLJ/iNlQxt9p1YA', 'HARTMAN@test.de'),
(585, 'WOODARD', '$argon2id$v=19$m=65536,t=4,p=1$ZkRjNVJVaU83M1E1U3EuMg$ANBFNE+qN31RzlANFQGVsFoqS1LHqLJ/iNlQxt9p1YA', 'WOODARD@test.de'),
(586, 'MUELLER', '$argon2id$v=19$m=65536,t=4,p=1$ZkRjNVJVaU83M1E1U3EuMg$ANBFNE+qN31RzlANFQGVsFoqS1LHqLJ/iNlQxt9p1YA', 'MUELLER@test.de'),
(587, 'KEMP', '$argon2id$v=19$m=65536,t=4,p=1$ZkRjNVJVaU83M1E1U3EuMg$ANBFNE+qN31RzlANFQGVsFoqS1LHqLJ/iNlQxt9p1YA', 'KEMP@test.de'),
(588, 'DELEON', '$argon2id$v=19$m=65536,t=4,p=1$ZkRjNVJVaU83M1E1U3EuMg$ANBFNE+qN31RzlANFQGVsFoqS1LHqLJ/iNlQxt9p1YA', 'DELEON@test.de'),
(589, 'BOOTH', '$argon2id$v=19$m=65536,t=4,p=1$ZkRjNVJVaU83M1E1U3EuMg$ANBFNE+qN31RzlANFQGVsFoqS1LHqLJ/iNlQxt9p1YA', 'BOOTH@test.de'),
(590, 'PATEL', '$argon2id$v=19$m=65536,t=4,p=1$ZkRjNVJVaU83M1E1U3EuMg$ANBFNE+qN31RzlANFQGVsFoqS1LHqLJ/iNlQxt9p1YA', 'PATEL@test.de'),
(591, 'CALHOUN', '$argon2id$v=19$m=65536,t=4,p=1$ZkRjNVJVaU83M1E1U3EuMg$ANBFNE+qN31RzlANFQGVsFoqS1LHqLJ/iNlQxt9p1YA', 'CALHOUN@test.de'),
(592, 'WILEY', '$argon2id$v=19$m=65536,t=4,p=1$ZkRjNVJVaU83M1E1U3EuMg$ANBFNE+qN31RzlANFQGVsFoqS1LHqLJ/iNlQxt9p1YA', 'WILEY@test.de'),
(593, 'EATON', '$argon2id$v=19$m=65536,t=4,p=1$ZkRjNVJVaU83M1E1U3EuMg$ANBFNE+qN31RzlANFQGVsFoqS1LHqLJ/iNlQxt9p1YA', 'EATON@test.de'),
(594, 'CLINE', '$argon2id$v=19$m=65536,t=4,p=1$ZkRjNVJVaU83M1E1U3EuMg$ANBFNE+qN31RzlANFQGVsFoqS1LHqLJ/iNlQxt9p1YA', 'CLINE@test.de'),
(595, 'NAVARRO', '$argon2id$v=19$m=65536,t=4,p=1$ZkRjNVJVaU83M1E1U3EuMg$ANBFNE+qN31RzlANFQGVsFoqS1LHqLJ/iNlQxt9p1YA', 'NAVARRO@test.de'),
(596, 'HARRELL', '$argon2id$v=19$m=65536,t=4,p=1$ZkRjNVJVaU83M1E1U3EuMg$ANBFNE+qN31RzlANFQGVsFoqS1LHqLJ/iNlQxt9p1YA', 'HARRELL@test.de'),
(597, 'LESTER', '$argon2id$v=19$m=65536,t=4,p=1$ZkRjNVJVaU83M1E1U3EuMg$ANBFNE+qN31RzlANFQGVsFoqS1LHqLJ/iNlQxt9p1YA', 'LESTER@test.de'),
(598, 'HUMPHREY', '$argon2id$v=19$m=65536,t=4,p=1$ZkRjNVJVaU83M1E1U3EuMg$ANBFNE+qN31RzlANFQGVsFoqS1LHqLJ/iNlQxt9p1YA', 'HUMPHREY@test.de'),
(599, 'PARRISH', '$argon2id$v=19$m=65536,t=4,p=1$ZkRjNVJVaU83M1E1U3EuMg$ANBFNE+qN31RzlANFQGVsFoqS1LHqLJ/iNlQxt9p1YA', 'PARRISH@test.de'),
(600, 'DURAN', '$argon2id$v=19$m=65536,t=4,p=1$ZkRjNVJVaU83M1E1U3EuMg$ANBFNE+qN31RzlANFQGVsFoqS1LHqLJ/iNlQxt9p1YA', 'DURAN@test.de'),
(601, 'HUTCHINSON', '$argon2id$v=19$m=65536,t=4,p=1$ZkRjNVJVaU83M1E1U3EuMg$ANBFNE+qN31RzlANFQGVsFoqS1LHqLJ/iNlQxt9p1YA', 'HUTCHINSON@test.de'),
(602, 'HESS', '$argon2id$v=19$m=65536,t=4,p=1$ZkRjNVJVaU83M1E1U3EuMg$ANBFNE+qN31RzlANFQGVsFoqS1LHqLJ/iNlQxt9p1YA', 'HESS@test.de'),
(603, 'DORSEY', '$argon2id$v=19$m=65536,t=4,p=1$ZkRjNVJVaU83M1E1U3EuMg$ANBFNE+qN31RzlANFQGVsFoqS1LHqLJ/iNlQxt9p1YA', 'DORSEY@test.de'),
(604, 'BULLOCK', '$argon2id$v=19$m=65536,t=4,p=1$ZkRjNVJVaU83M1E1U3EuMg$ANBFNE+qN31RzlANFQGVsFoqS1LHqLJ/iNlQxt9p1YA', 'BULLOCK@test.de'),
(605, 'ROBLES', '$argon2id$v=19$m=65536,t=4,p=1$ZkRjNVJVaU83M1E1U3EuMg$ANBFNE+qN31RzlANFQGVsFoqS1LHqLJ/iNlQxt9p1YA', 'ROBLES@test.de'),
(606, 'BEARD', '$argon2id$v=19$m=65536,t=4,p=1$ZkRjNVJVaU83M1E1U3EuMg$ANBFNE+qN31RzlANFQGVsFoqS1LHqLJ/iNlQxt9p1YA', 'BEARD@test.de'),
(607, 'DALTON', '$argon2id$v=19$m=65536,t=4,p=1$ZkRjNVJVaU83M1E1U3EuMg$ANBFNE+qN31RzlANFQGVsFoqS1LHqLJ/iNlQxt9p1YA', 'DALTON@test.de'),
(608, 'AVILA', '$argon2id$v=19$m=65536,t=4,p=1$ZkRjNVJVaU83M1E1U3EuMg$ANBFNE+qN31RzlANFQGVsFoqS1LHqLJ/iNlQxt9p1YA', 'AVILA@test.de'),
(609, 'VANCE', '$argon2id$v=19$m=65536,t=4,p=1$ZkRjNVJVaU83M1E1U3EuMg$ANBFNE+qN31RzlANFQGVsFoqS1LHqLJ/iNlQxt9p1YA', 'VANCE@test.de'),
(610, 'RICH', '$argon2id$v=19$m=65536,t=4,p=1$ZkRjNVJVaU83M1E1U3EuMg$ANBFNE+qN31RzlANFQGVsFoqS1LHqLJ/iNlQxt9p1YA', 'RICH@test.de'),
(611, 'BLACKWELL', '$argon2id$v=19$m=65536,t=4,p=1$ZkRjNVJVaU83M1E1U3EuMg$ANBFNE+qN31RzlANFQGVsFoqS1LHqLJ/iNlQxt9p1YA', 'BLACKWELL@test.de'),
(612, 'YORK', '$argon2id$v=19$m=65536,t=4,p=1$ZkRjNVJVaU83M1E1U3EuMg$ANBFNE+qN31RzlANFQGVsFoqS1LHqLJ/iNlQxt9p1YA', 'YORK@test.de'),
(613, 'JOHNS', '$argon2id$v=19$m=65536,t=4,p=1$ZkRjNVJVaU83M1E1U3EuMg$ANBFNE+qN31RzlANFQGVsFoqS1LHqLJ/iNlQxt9p1YA', 'JOHNS@test.de'),
(614, 'BLANKENSHIP', '$argon2id$v=19$m=65536,t=4,p=1$ZkRjNVJVaU83M1E1U3EuMg$ANBFNE+qN31RzlANFQGVsFoqS1LHqLJ/iNlQxt9p1YA', 'BLANKENSHIP@test.de'),
(615, 'TREVINO', '$argon2id$v=19$m=65536,t=4,p=1$ZkRjNVJVaU83M1E1U3EuMg$ANBFNE+qN31RzlANFQGVsFoqS1LHqLJ/iNlQxt9p1YA', 'TREVINO@test.de'),
(616, 'SALINAS', '$argon2id$v=19$m=65536,t=4,p=1$ZkRjNVJVaU83M1E1U3EuMg$ANBFNE+qN31RzlANFQGVsFoqS1LHqLJ/iNlQxt9p1YA', 'SALINAS@test.de'),
(617, 'CAMPOS', '$argon2id$v=19$m=65536,t=4,p=1$ZkRjNVJVaU83M1E1U3EuMg$ANBFNE+qN31RzlANFQGVsFoqS1LHqLJ/iNlQxt9p1YA', 'CAMPOS@test.de'),
(618, 'PRUITT', '$argon2id$v=19$m=65536,t=4,p=1$ZkRjNVJVaU83M1E1U3EuMg$ANBFNE+qN31RzlANFQGVsFoqS1LHqLJ/iNlQxt9p1YA', 'PRUITT@test.de'),
(619, 'MOSES', '$argon2id$v=19$m=65536,t=4,p=1$ZkRjNVJVaU83M1E1U3EuMg$ANBFNE+qN31RzlANFQGVsFoqS1LHqLJ/iNlQxt9p1YA', 'MOSES@test.de'),
(620, 'CALLAHAN', '$argon2id$v=19$m=65536,t=4,p=1$ZkRjNVJVaU83M1E1U3EuMg$ANBFNE+qN31RzlANFQGVsFoqS1LHqLJ/iNlQxt9p1YA', 'CALLAHAN@test.de'),
(621, 'GOLDEN', '$argon2id$v=19$m=65536,t=4,p=1$ZkRjNVJVaU83M1E1U3EuMg$ANBFNE+qN31RzlANFQGVsFoqS1LHqLJ/iNlQxt9p1YA', 'GOLDEN@test.de'),
(622, 'MONTOYA', '$argon2id$v=19$m=65536,t=4,p=1$ZkRjNVJVaU83M1E1U3EuMg$ANBFNE+qN31RzlANFQGVsFoqS1LHqLJ/iNlQxt9p1YA', 'MONTOYA@test.de'),
(623, 'HARDIN', '$argon2id$v=19$m=65536,t=4,p=1$ZkRjNVJVaU83M1E1U3EuMg$ANBFNE+qN31RzlANFQGVsFoqS1LHqLJ/iNlQxt9p1YA', 'HARDIN@test.de'),
(624, 'GUERRA', '$argon2id$v=19$m=65536,t=4,p=1$ZkRjNVJVaU83M1E1U3EuMg$ANBFNE+qN31RzlANFQGVsFoqS1LHqLJ/iNlQxt9p1YA', 'GUERRA@test.de'),
(625, 'MCDOWELL', '$argon2id$v=19$m=65536,t=4,p=1$ZkRjNVJVaU83M1E1U3EuMg$ANBFNE+qN31RzlANFQGVsFoqS1LHqLJ/iNlQxt9p1YA', 'MCDOWELL@test.de'),
(626, 'CAREY', '$argon2id$v=19$m=65536,t=4,p=1$ZkRjNVJVaU83M1E1U3EuMg$ANBFNE+qN31RzlANFQGVsFoqS1LHqLJ/iNlQxt9p1YA', 'CAREY@test.de'),
(627, 'STAFFORD', '$argon2id$v=19$m=65536,t=4,p=1$ZkRjNVJVaU83M1E1U3EuMg$ANBFNE+qN31RzlANFQGVsFoqS1LHqLJ/iNlQxt9p1YA', 'STAFFORD@test.de'),
(628, 'GALLEGOS', '$argon2id$v=19$m=65536,t=4,p=1$ZkRjNVJVaU83M1E1U3EuMg$ANBFNE+qN31RzlANFQGVsFoqS1LHqLJ/iNlQxt9p1YA', 'GALLEGOS@test.de'),
(629, 'HENSON', '$argon2id$v=19$m=65536,t=4,p=1$ZkRjNVJVaU83M1E1U3EuMg$ANBFNE+qN31RzlANFQGVsFoqS1LHqLJ/iNlQxt9p1YA', 'HENSON@test.de'),
(630, 'WILKINSON', '$argon2id$v=19$m=65536,t=4,p=1$ZkRjNVJVaU83M1E1U3EuMg$ANBFNE+qN31RzlANFQGVsFoqS1LHqLJ/iNlQxt9p1YA', 'WILKINSON@test.de'),
(631, 'BOOKER', '$argon2id$v=19$m=65536,t=4,p=1$ZkRjNVJVaU83M1E1U3EuMg$ANBFNE+qN31RzlANFQGVsFoqS1LHqLJ/iNlQxt9p1YA', 'BOOKER@test.de'),
(632, 'MERRITT', '$argon2id$v=19$m=65536,t=4,p=1$ZkRjNVJVaU83M1E1U3EuMg$ANBFNE+qN31RzlANFQGVsFoqS1LHqLJ/iNlQxt9p1YA', 'MERRITT@test.de'),
(633, 'MIRANDA', '$argon2id$v=19$m=65536,t=4,p=1$ZkRjNVJVaU83M1E1U3EuMg$ANBFNE+qN31RzlANFQGVsFoqS1LHqLJ/iNlQxt9p1YA', 'MIRANDA@test.de'),
(634, 'ATKINSON', '$argon2id$v=19$m=65536,t=4,p=1$ZkRjNVJVaU83M1E1U3EuMg$ANBFNE+qN31RzlANFQGVsFoqS1LHqLJ/iNlQxt9p1YA', 'ATKINSON@test.de'),
(635, 'ORR', '$argon2id$v=19$m=65536,t=4,p=1$ZkRjNVJVaU83M1E1U3EuMg$ANBFNE+qN31RzlANFQGVsFoqS1LHqLJ/iNlQxt9p1YA', 'ORR@test.de'),
(636, 'DECKER', '$argon2id$v=19$m=65536,t=4,p=1$ZkRjNVJVaU83M1E1U3EuMg$ANBFNE+qN31RzlANFQGVsFoqS1LHqLJ/iNlQxt9p1YA', 'DECKER@test.de'),
(637, 'HOBBS', '$argon2id$v=19$m=65536,t=4,p=1$ZkRjNVJVaU83M1E1U3EuMg$ANBFNE+qN31RzlANFQGVsFoqS1LHqLJ/iNlQxt9p1YA', 'HOBBS@test.de'),
(638, 'PRESTON', '$argon2id$v=19$m=65536,t=4,p=1$ZkRjNVJVaU83M1E1U3EuMg$ANBFNE+qN31RzlANFQGVsFoqS1LHqLJ/iNlQxt9p1YA', 'PRESTON@test.de'),
(639, 'TANNER', '$argon2id$v=19$m=65536,t=4,p=1$ZkRjNVJVaU83M1E1U3EuMg$ANBFNE+qN31RzlANFQGVsFoqS1LHqLJ/iNlQxt9p1YA', 'TANNER@test.de'),
(640, 'KNOX', '$argon2id$v=19$m=65536,t=4,p=1$ZkRjNVJVaU83M1E1U3EuMg$ANBFNE+qN31RzlANFQGVsFoqS1LHqLJ/iNlQxt9p1YA', 'KNOX@test.de'),
(641, 'PACHECO', '$argon2id$v=19$m=65536,t=4,p=1$ZkRjNVJVaU83M1E1U3EuMg$ANBFNE+qN31RzlANFQGVsFoqS1LHqLJ/iNlQxt9p1YA', 'PACHECO@test.de'),
(642, 'STEPHENSON', '$argon2id$v=19$m=65536,t=4,p=1$ZkRjNVJVaU83M1E1U3EuMg$ANBFNE+qN31RzlANFQGVsFoqS1LHqLJ/iNlQxt9p1YA', 'STEPHENSON@test.de'),
(643, 'GLASS', '$argon2id$v=19$m=65536,t=4,p=1$ZkRjNVJVaU83M1E1U3EuMg$ANBFNE+qN31RzlANFQGVsFoqS1LHqLJ/iNlQxt9p1YA', 'GLASS@test.de'),
(644, 'ROJAS', '$argon2id$v=19$m=65536,t=4,p=1$ZkRjNVJVaU83M1E1U3EuMg$ANBFNE+qN31RzlANFQGVsFoqS1LHqLJ/iNlQxt9p1YA', 'ROJAS@test.de'),
(645, 'SERRANO', '$argon2id$v=19$m=65536,t=4,p=1$ZkRjNVJVaU83M1E1U3EuMg$ANBFNE+qN31RzlANFQGVsFoqS1LHqLJ/iNlQxt9p1YA', 'SERRANO@test.de'),
(646, 'MARKS', '$argon2id$v=19$m=65536,t=4,p=1$ZkRjNVJVaU83M1E1U3EuMg$ANBFNE+qN31RzlANFQGVsFoqS1LHqLJ/iNlQxt9p1YA', 'MARKS@test.de'),
(647, 'HICKMAN', '$argon2id$v=19$m=65536,t=4,p=1$ZkRjNVJVaU83M1E1U3EuMg$ANBFNE+qN31RzlANFQGVsFoqS1LHqLJ/iNlQxt9p1YA', 'HICKMAN@test.de'),
(648, 'ENGLISH', '$argon2id$v=19$m=65536,t=4,p=1$ZkRjNVJVaU83M1E1U3EuMg$ANBFNE+qN31RzlANFQGVsFoqS1LHqLJ/iNlQxt9p1YA', 'ENGLISH@test.de'),
(649, 'SWEENEY', '$argon2id$v=19$m=65536,t=4,p=1$ZkRjNVJVaU83M1E1U3EuMg$ANBFNE+qN31RzlANFQGVsFoqS1LHqLJ/iNlQxt9p1YA', 'SWEENEY@test.de'),
(650, 'STRONG', '$argon2id$v=19$m=65536,t=4,p=1$ZkRjNVJVaU83M1E1U3EuMg$ANBFNE+qN31RzlANFQGVsFoqS1LHqLJ/iNlQxt9p1YA', 'STRONG@test.de'),
(651, 'PRINCE', '$argon2id$v=19$m=65536,t=4,p=1$ZkRjNVJVaU83M1E1U3EuMg$ANBFNE+qN31RzlANFQGVsFoqS1LHqLJ/iNlQxt9p1YA', 'PRINCE@test.de'),
(652, 'MCCLURE', '$argon2id$v=19$m=65536,t=4,p=1$ZkRjNVJVaU83M1E1U3EuMg$ANBFNE+qN31RzlANFQGVsFoqS1LHqLJ/iNlQxt9p1YA', 'MCCLURE@test.de'),
(653, 'CONWAY', '$argon2id$v=19$m=65536,t=4,p=1$ZkRjNVJVaU83M1E1U3EuMg$ANBFNE+qN31RzlANFQGVsFoqS1LHqLJ/iNlQxt9p1YA', 'CONWAY@test.de'),
(654, 'WALTER', '$argon2id$v=19$m=65536,t=4,p=1$ZkRjNVJVaU83M1E1U3EuMg$ANBFNE+qN31RzlANFQGVsFoqS1LHqLJ/iNlQxt9p1YA', 'WALTER@test.de'),
(655, 'ROTH', '$argon2id$v=19$m=65536,t=4,p=1$ZkRjNVJVaU83M1E1U3EuMg$ANBFNE+qN31RzlANFQGVsFoqS1LHqLJ/iNlQxt9p1YA', 'ROTH@test.de'),
(656, 'MAYNARD', '$argon2id$v=19$m=65536,t=4,p=1$ZkRjNVJVaU83M1E1U3EuMg$ANBFNE+qN31RzlANFQGVsFoqS1LHqLJ/iNlQxt9p1YA', 'MAYNARD@test.de'),
(657, 'FARRELL', '$argon2id$v=19$m=65536,t=4,p=1$ZkRjNVJVaU83M1E1U3EuMg$ANBFNE+qN31RzlANFQGVsFoqS1LHqLJ/iNlQxt9p1YA', 'FARRELL@test.de'),
(658, 'LOWERY', '$argon2id$v=19$m=65536,t=4,p=1$ZkRjNVJVaU83M1E1U3EuMg$ANBFNE+qN31RzlANFQGVsFoqS1LHqLJ/iNlQxt9p1YA', 'LOWERY@test.de'),
(659, 'HURST', '$argon2id$v=19$m=65536,t=4,p=1$ZkRjNVJVaU83M1E1U3EuMg$ANBFNE+qN31RzlANFQGVsFoqS1LHqLJ/iNlQxt9p1YA', 'HURST@test.de'),
(660, 'NIXON', '$argon2id$v=19$m=65536,t=4,p=1$ZkRjNVJVaU83M1E1U3EuMg$ANBFNE+qN31RzlANFQGVsFoqS1LHqLJ/iNlQxt9p1YA', 'NIXON@test.de'),
(661, 'WEISS', '$argon2id$v=19$m=65536,t=4,p=1$ZkRjNVJVaU83M1E1U3EuMg$ANBFNE+qN31RzlANFQGVsFoqS1LHqLJ/iNlQxt9p1YA', 'WEISS@test.de'),
(662, 'TRUJILLO', '$argon2id$v=19$m=65536,t=4,p=1$ZkRjNVJVaU83M1E1U3EuMg$ANBFNE+qN31RzlANFQGVsFoqS1LHqLJ/iNlQxt9p1YA', 'TRUJILLO@test.de'),
(663, 'ELLISON', '$argon2id$v=19$m=65536,t=4,p=1$ZkRjNVJVaU83M1E1U3EuMg$ANBFNE+qN31RzlANFQGVsFoqS1LHqLJ/iNlQxt9p1YA', 'ELLISON@test.de'),
(664, 'SLOAN', '$argon2id$v=19$m=65536,t=4,p=1$ZkRjNVJVaU83M1E1U3EuMg$ANBFNE+qN31RzlANFQGVsFoqS1LHqLJ/iNlQxt9p1YA', 'SLOAN@test.de'),
(665, 'JUAREZ', '$argon2id$v=19$m=65536,t=4,p=1$ZkRjNVJVaU83M1E1U3EuMg$ANBFNE+qN31RzlANFQGVsFoqS1LHqLJ/iNlQxt9p1YA', 'JUAREZ@test.de'),
(666, 'WINTERS', '$argon2id$v=19$m=65536,t=4,p=1$ZkRjNVJVaU83M1E1U3EuMg$ANBFNE+qN31RzlANFQGVsFoqS1LHqLJ/iNlQxt9p1YA', 'WINTERS@test.de'),
(667, 'MCLEAN', '$argon2id$v=19$m=65536,t=4,p=1$ZkRjNVJVaU83M1E1U3EuMg$ANBFNE+qN31RzlANFQGVsFoqS1LHqLJ/iNlQxt9p1YA', 'MCLEAN@test.de'),
(668, 'RANDOLPH', '$argon2id$v=19$m=65536,t=4,p=1$ZkRjNVJVaU83M1E1U3EuMg$ANBFNE+qN31RzlANFQGVsFoqS1LHqLJ/iNlQxt9p1YA', 'RANDOLPH@test.de'),
(669, 'LEON', '$argon2id$v=19$m=65536,t=4,p=1$ZkRjNVJVaU83M1E1U3EuMg$ANBFNE+qN31RzlANFQGVsFoqS1LHqLJ/iNlQxt9p1YA', 'LEON@test.de'),
(670, 'BOYER', '$argon2id$v=19$m=65536,t=4,p=1$ZkRjNVJVaU83M1E1U3EuMg$ANBFNE+qN31RzlANFQGVsFoqS1LHqLJ/iNlQxt9p1YA', 'BOYER@test.de'),
(671, 'VILLARREAL', '$argon2id$v=19$m=65536,t=4,p=1$ZkRjNVJVaU83M1E1U3EuMg$ANBFNE+qN31RzlANFQGVsFoqS1LHqLJ/iNlQxt9p1YA', 'VILLARREAL@test.de'),
(672, 'MCCALL', '$argon2id$v=19$m=65536,t=4,p=1$ZkRjNVJVaU83M1E1U3EuMg$ANBFNE+qN31RzlANFQGVsFoqS1LHqLJ/iNlQxt9p1YA', 'MCCALL@test.de'),
(673, 'GENTRY', '$argon2id$v=19$m=65536,t=4,p=1$ZkRjNVJVaU83M1E1U3EuMg$ANBFNE+qN31RzlANFQGVsFoqS1LHqLJ/iNlQxt9p1YA', 'GENTRY@test.de'),
(674, 'CARRILLO', '$argon2id$v=19$m=65536,t=4,p=1$ZkRjNVJVaU83M1E1U3EuMg$ANBFNE+qN31RzlANFQGVsFoqS1LHqLJ/iNlQxt9p1YA', 'CARRILLO@test.de'),
(675, 'KENT', '$argon2id$v=19$m=65536,t=4,p=1$ZkRjNVJVaU83M1E1U3EuMg$ANBFNE+qN31RzlANFQGVsFoqS1LHqLJ/iNlQxt9p1YA', 'KENT@test.de'),
(676, 'AYERS', '$argon2id$v=19$m=65536,t=4,p=1$ZkRjNVJVaU83M1E1U3EuMg$ANBFNE+qN31RzlANFQGVsFoqS1LHqLJ/iNlQxt9p1YA', 'AYERS@test.de'),
(677, 'LARA', '$argon2id$v=19$m=65536,t=4,p=1$ZkRjNVJVaU83M1E1U3EuMg$ANBFNE+qN31RzlANFQGVsFoqS1LHqLJ/iNlQxt9p1YA', 'LARA@test.de'),
(678, 'SHANNON', '$argon2id$v=19$m=65536,t=4,p=1$ZkRjNVJVaU83M1E1U3EuMg$ANBFNE+qN31RzlANFQGVsFoqS1LHqLJ/iNlQxt9p1YA', 'SHANNON@test.de'),
(679, 'SEXTON', '$argon2id$v=19$m=65536,t=4,p=1$ZkRjNVJVaU83M1E1U3EuMg$ANBFNE+qN31RzlANFQGVsFoqS1LHqLJ/iNlQxt9p1YA', 'SEXTON@test.de'),
(680, 'PACE', '$argon2id$v=19$m=65536,t=4,p=1$ZkRjNVJVaU83M1E1U3EuMg$ANBFNE+qN31RzlANFQGVsFoqS1LHqLJ/iNlQxt9p1YA', 'PACE@test.de'),
(681, 'HULL', '$argon2id$v=19$m=65536,t=4,p=1$ZkRjNVJVaU83M1E1U3EuMg$ANBFNE+qN31RzlANFQGVsFoqS1LHqLJ/iNlQxt9p1YA', 'HULL@test.de'),
(682, 'LEBLANC', '$argon2id$v=19$m=65536,t=4,p=1$ZkRjNVJVaU83M1E1U3EuMg$ANBFNE+qN31RzlANFQGVsFoqS1LHqLJ/iNlQxt9p1YA', 'LEBLANC@test.de'),
(683, 'BROWNING', '$argon2id$v=19$m=65536,t=4,p=1$ZkRjNVJVaU83M1E1U3EuMg$ANBFNE+qN31RzlANFQGVsFoqS1LHqLJ/iNlQxt9p1YA', 'BROWNING@test.de'),
(684, 'VELASQUEZ', '$argon2id$v=19$m=65536,t=4,p=1$ZkRjNVJVaU83M1E1U3EuMg$ANBFNE+qN31RzlANFQGVsFoqS1LHqLJ/iNlQxt9p1YA', 'VELASQUEZ@test.de'),
(685, 'LEACH', '$argon2id$v=19$m=65536,t=4,p=1$ZkRjNVJVaU83M1E1U3EuMg$ANBFNE+qN31RzlANFQGVsFoqS1LHqLJ/iNlQxt9p1YA', 'LEACH@test.de'),
(686, 'CHANG', '$argon2id$v=19$m=65536,t=4,p=1$ZkRjNVJVaU83M1E1U3EuMg$ANBFNE+qN31RzlANFQGVsFoqS1LHqLJ/iNlQxt9p1YA', 'CHANG@test.de'),
(687, 'HOUSE', '$argon2id$v=19$m=65536,t=4,p=1$ZkRjNVJVaU83M1E1U3EuMg$ANBFNE+qN31RzlANFQGVsFoqS1LHqLJ/iNlQxt9p1YA', 'HOUSE@test.de'),
(688, 'SELLERS', '$argon2id$v=19$m=65536,t=4,p=1$ZkRjNVJVaU83M1E1U3EuMg$ANBFNE+qN31RzlANFQGVsFoqS1LHqLJ/iNlQxt9p1YA', 'SELLERS@test.de'),
(689, 'HERRING', '$argon2id$v=19$m=65536,t=4,p=1$ZkRjNVJVaU83M1E1U3EuMg$ANBFNE+qN31RzlANFQGVsFoqS1LHqLJ/iNlQxt9p1YA', 'HERRING@test.de'),
(690, 'NOBLE', '$argon2id$v=19$m=65536,t=4,p=1$ZkRjNVJVaU83M1E1U3EuMg$ANBFNE+qN31RzlANFQGVsFoqS1LHqLJ/iNlQxt9p1YA', 'NOBLE@test.de'),
(691, 'FOLEY', '$argon2id$v=19$m=65536,t=4,p=1$ZkRjNVJVaU83M1E1U3EuMg$ANBFNE+qN31RzlANFQGVsFoqS1LHqLJ/iNlQxt9p1YA', 'FOLEY@test.de'),
(692, 'BARTLETT', '$argon2id$v=19$m=65536,t=4,p=1$ZkRjNVJVaU83M1E1U3EuMg$ANBFNE+qN31RzlANFQGVsFoqS1LHqLJ/iNlQxt9p1YA', 'BARTLETT@test.de'),
(693, 'MERCADO', '$argon2id$v=19$m=65536,t=4,p=1$ZkRjNVJVaU83M1E1U3EuMg$ANBFNE+qN31RzlANFQGVsFoqS1LHqLJ/iNlQxt9p1YA', 'MERCADO@test.de'),
(694, 'LANDRY', '$argon2id$v=19$m=65536,t=4,p=1$ZkRjNVJVaU83M1E1U3EuMg$ANBFNE+qN31RzlANFQGVsFoqS1LHqLJ/iNlQxt9p1YA', 'LANDRY@test.de'),
(695, 'DURHAM', '$argon2id$v=19$m=65536,t=4,p=1$ZkRjNVJVaU83M1E1U3EuMg$ANBFNE+qN31RzlANFQGVsFoqS1LHqLJ/iNlQxt9p1YA', 'DURHAM@test.de'),
(696, 'WALLS', '$argon2id$v=19$m=65536,t=4,p=1$ZkRjNVJVaU83M1E1U3EuMg$ANBFNE+qN31RzlANFQGVsFoqS1LHqLJ/iNlQxt9p1YA', 'WALLS@test.de'),
(697, 'BARR', '$argon2id$v=19$m=65536,t=4,p=1$ZkRjNVJVaU83M1E1U3EuMg$ANBFNE+qN31RzlANFQGVsFoqS1LHqLJ/iNlQxt9p1YA', 'BARR@test.de'),
(698, 'MCKEE', '$argon2id$v=19$m=65536,t=4,p=1$ZkRjNVJVaU83M1E1U3EuMg$ANBFNE+qN31RzlANFQGVsFoqS1LHqLJ/iNlQxt9p1YA', 'MCKEE@test.de'),
(699, 'BAUER', '$argon2id$v=19$m=65536,t=4,p=1$ZkRjNVJVaU83M1E1U3EuMg$ANBFNE+qN31RzlANFQGVsFoqS1LHqLJ/iNlQxt9p1YA', 'BAUER@test.de'),
(700, 'RIVERS', '$argon2id$v=19$m=65536,t=4,p=1$ZkRjNVJVaU83M1E1U3EuMg$ANBFNE+qN31RzlANFQGVsFoqS1LHqLJ/iNlQxt9p1YA', 'RIVERS@test.de'),
(701, 'EVERETT', '$argon2id$v=19$m=65536,t=4,p=1$ZkRjNVJVaU83M1E1U3EuMg$ANBFNE+qN31RzlANFQGVsFoqS1LHqLJ/iNlQxt9p1YA', 'EVERETT@test.de'),
(702, 'BRADSHAW', '$argon2id$v=19$m=65536,t=4,p=1$ZkRjNVJVaU83M1E1U3EuMg$ANBFNE+qN31RzlANFQGVsFoqS1LHqLJ/iNlQxt9p1YA', 'BRADSHAW@test.de'),
(703, 'PUGH', '$argon2id$v=19$m=65536,t=4,p=1$ZkRjNVJVaU83M1E1U3EuMg$ANBFNE+qN31RzlANFQGVsFoqS1LHqLJ/iNlQxt9p1YA', 'PUGH@test.de'),
(704, 'VELEZ', '$argon2id$v=19$m=65536,t=4,p=1$ZkRjNVJVaU83M1E1U3EuMg$ANBFNE+qN31RzlANFQGVsFoqS1LHqLJ/iNlQxt9p1YA', 'VELEZ@test.de'),
(705, 'RUSH', '$argon2id$v=19$m=65536,t=4,p=1$ZkRjNVJVaU83M1E1U3EuMg$ANBFNE+qN31RzlANFQGVsFoqS1LHqLJ/iNlQxt9p1YA', 'RUSH@test.de'),
(706, 'ESTES', '$argon2id$v=19$m=65536,t=4,p=1$ZkRjNVJVaU83M1E1U3EuMg$ANBFNE+qN31RzlANFQGVsFoqS1LHqLJ/iNlQxt9p1YA', 'ESTES@test.de'),
(707, 'DODSON', '$argon2id$v=19$m=65536,t=4,p=1$ZkRjNVJVaU83M1E1U3EuMg$ANBFNE+qN31RzlANFQGVsFoqS1LHqLJ/iNlQxt9p1YA', 'DODSON@test.de'),
(708, 'MORSE', '$argon2id$v=19$m=65536,t=4,p=1$ZkRjNVJVaU83M1E1U3EuMg$ANBFNE+qN31RzlANFQGVsFoqS1LHqLJ/iNlQxt9p1YA', 'MORSE@test.de'),
(709, 'SHEPPARD', '$argon2id$v=19$m=65536,t=4,p=1$ZkRjNVJVaU83M1E1U3EuMg$ANBFNE+qN31RzlANFQGVsFoqS1LHqLJ/iNlQxt9p1YA', 'SHEPPARD@test.de'),
(710, 'WEEKS', '$argon2id$v=19$m=65536,t=4,p=1$ZkRjNVJVaU83M1E1U3EuMg$ANBFNE+qN31RzlANFQGVsFoqS1LHqLJ/iNlQxt9p1YA', 'WEEKS@test.de'),
(711, 'CAMACHO', '$argon2id$v=19$m=65536,t=4,p=1$ZkRjNVJVaU83M1E1U3EuMg$ANBFNE+qN31RzlANFQGVsFoqS1LHqLJ/iNlQxt9p1YA', 'CAMACHO@test.de'),
(712, 'BEAN', '$argon2id$v=19$m=65536,t=4,p=1$ZkRjNVJVaU83M1E1U3EuMg$ANBFNE+qN31RzlANFQGVsFoqS1LHqLJ/iNlQxt9p1YA', 'BEAN@test.de'),
(713, 'BARRON', '$argon2id$v=19$m=65536,t=4,p=1$ZkRjNVJVaU83M1E1U3EuMg$ANBFNE+qN31RzlANFQGVsFoqS1LHqLJ/iNlQxt9p1YA', 'BARRON@test.de'),
(714, 'LIVINGSTON', '$argon2id$v=19$m=65536,t=4,p=1$ZkRjNVJVaU83M1E1U3EuMg$ANBFNE+qN31RzlANFQGVsFoqS1LHqLJ/iNlQxt9p1YA', 'LIVINGSTON@test.de'),
(715, 'MIDDLETON', '$argon2id$v=19$m=65536,t=4,p=1$ZkRjNVJVaU83M1E1U3EuMg$ANBFNE+qN31RzlANFQGVsFoqS1LHqLJ/iNlQxt9p1YA', 'MIDDLETON@test.de'),
(716, 'SPEARS', '$argon2id$v=19$m=65536,t=4,p=1$ZkRjNVJVaU83M1E1U3EuMg$ANBFNE+qN31RzlANFQGVsFoqS1LHqLJ/iNlQxt9p1YA', 'SPEARS@test.de'),
(717, 'BRANCH', '$argon2id$v=19$m=65536,t=4,p=1$ZkRjNVJVaU83M1E1U3EuMg$ANBFNE+qN31RzlANFQGVsFoqS1LHqLJ/iNlQxt9p1YA', 'BRANCH@test.de'),
(718, 'BLEVINS', '$argon2id$v=19$m=65536,t=4,p=1$ZkRjNVJVaU83M1E1U3EuMg$ANBFNE+qN31RzlANFQGVsFoqS1LHqLJ/iNlQxt9p1YA', 'BLEVINS@test.de'),
(719, 'CHEN', '$argon2id$v=19$m=65536,t=4,p=1$ZkRjNVJVaU83M1E1U3EuMg$ANBFNE+qN31RzlANFQGVsFoqS1LHqLJ/iNlQxt9p1YA', 'CHEN@test.de'),
(720, 'KERR', '$argon2id$v=19$m=65536,t=4,p=1$ZkRjNVJVaU83M1E1U3EuMg$ANBFNE+qN31RzlANFQGVsFoqS1LHqLJ/iNlQxt9p1YA', 'KERR@test.de'),
(721, 'MCCONNELL', '$argon2id$v=19$m=65536,t=4,p=1$ZkRjNVJVaU83M1E1U3EuMg$ANBFNE+qN31RzlANFQGVsFoqS1LHqLJ/iNlQxt9p1YA', 'MCCONNELL@test.de'),
(722, 'HATFIELD', '$argon2id$v=19$m=65536,t=4,p=1$ZkRjNVJVaU83M1E1U3EuMg$ANBFNE+qN31RzlANFQGVsFoqS1LHqLJ/iNlQxt9p1YA', 'HATFIELD@test.de'),
(723, 'HARDING', '$argon2id$v=19$m=65536,t=4,p=1$ZkRjNVJVaU83M1E1U3EuMg$ANBFNE+qN31RzlANFQGVsFoqS1LHqLJ/iNlQxt9p1YA', 'HARDING@test.de'),
(724, 'ASHLEY', '$argon2id$v=19$m=65536,t=4,p=1$ZkRjNVJVaU83M1E1U3EuMg$ANBFNE+qN31RzlANFQGVsFoqS1LHqLJ/iNlQxt9p1YA', 'ASHLEY@test.de'),
(725, 'SOLIS', '$argon2id$v=19$m=65536,t=4,p=1$ZkRjNVJVaU83M1E1U3EuMg$ANBFNE+qN31RzlANFQGVsFoqS1LHqLJ/iNlQxt9p1YA', 'SOLIS@test.de'),
(726, 'HERMAN', '$argon2id$v=19$m=65536,t=4,p=1$ZkRjNVJVaU83M1E1U3EuMg$ANBFNE+qN31RzlANFQGVsFoqS1LHqLJ/iNlQxt9p1YA', 'HERMAN@test.de'),
(727, 'FROST', '$argon2id$v=19$m=65536,t=4,p=1$ZkRjNVJVaU83M1E1U3EuMg$ANBFNE+qN31RzlANFQGVsFoqS1LHqLJ/iNlQxt9p1YA', 'FROST@test.de'),
(728, 'GILES', '$argon2id$v=19$m=65536,t=4,p=1$ZkRjNVJVaU83M1E1U3EuMg$ANBFNE+qN31RzlANFQGVsFoqS1LHqLJ/iNlQxt9p1YA', 'GILES@test.de'),
(729, 'BLACKBURN', '$argon2id$v=19$m=65536,t=4,p=1$ZkRjNVJVaU83M1E1U3EuMg$ANBFNE+qN31RzlANFQGVsFoqS1LHqLJ/iNlQxt9p1YA', 'BLACKBURN@test.de'),
(730, 'WILLIAM', '$argon2id$v=19$m=65536,t=4,p=1$ZkRjNVJVaU83M1E1U3EuMg$ANBFNE+qN31RzlANFQGVsFoqS1LHqLJ/iNlQxt9p1YA', 'WILLIAM@test.de'),
(731, 'PENNINGTON', '$argon2id$v=19$m=65536,t=4,p=1$ZkRjNVJVaU83M1E1U3EuMg$ANBFNE+qN31RzlANFQGVsFoqS1LHqLJ/iNlQxt9p1YA', 'PENNINGTON@test.de'),
(732, 'WOODWARD', '$argon2id$v=19$m=65536,t=4,p=1$ZkRjNVJVaU83M1E1U3EuMg$ANBFNE+qN31RzlANFQGVsFoqS1LHqLJ/iNlQxt9p1YA', 'WOODWARD@test.de'),
(733, 'FINLEY', '$argon2id$v=19$m=65536,t=4,p=1$ZkRjNVJVaU83M1E1U3EuMg$ANBFNE+qN31RzlANFQGVsFoqS1LHqLJ/iNlQxt9p1YA', 'FINLEY@test.de'),
(734, 'MCINTOSH', '$argon2id$v=19$m=65536,t=4,p=1$ZkRjNVJVaU83M1E1U3EuMg$ANBFNE+qN31RzlANFQGVsFoqS1LHqLJ/iNlQxt9p1YA', 'MCINTOSH@test.de'),
(735, 'KOCH', '$argon2id$v=19$m=65536,t=4,p=1$ZkRjNVJVaU83M1E1U3EuMg$ANBFNE+qN31RzlANFQGVsFoqS1LHqLJ/iNlQxt9p1YA', 'KOCH@test.de'),
(736, 'BEST', '$argon2id$v=19$m=65536,t=4,p=1$ZkRjNVJVaU83M1E1U3EuMg$ANBFNE+qN31RzlANFQGVsFoqS1LHqLJ/iNlQxt9p1YA', 'BEST@test.de'),
(737, 'SOLOMON', '$argon2id$v=19$m=65536,t=4,p=1$ZkRjNVJVaU83M1E1U3EuMg$ANBFNE+qN31RzlANFQGVsFoqS1LHqLJ/iNlQxt9p1YA', 'SOLOMON@test.de'),
(738, 'MCCULLOUGH', '$argon2id$v=19$m=65536,t=4,p=1$ZkRjNVJVaU83M1E1U3EuMg$ANBFNE+qN31RzlANFQGVsFoqS1LHqLJ/iNlQxt9p1YA', 'MCCULLOUGH@test.de'),
(739, 'DUDLEY', '$argon2id$v=19$m=65536,t=4,p=1$ZkRjNVJVaU83M1E1U3EuMg$ANBFNE+qN31RzlANFQGVsFoqS1LHqLJ/iNlQxt9p1YA', 'DUDLEY@test.de'),
(740, 'NOLAN', '$argon2id$v=19$m=65536,t=4,p=1$ZkRjNVJVaU83M1E1U3EuMg$ANBFNE+qN31RzlANFQGVsFoqS1LHqLJ/iNlQxt9p1YA', 'NOLAN@test.de'),
(741, 'BLANCHARD', '$argon2id$v=19$m=65536,t=4,p=1$ZkRjNVJVaU83M1E1U3EuMg$ANBFNE+qN31RzlANFQGVsFoqS1LHqLJ/iNlQxt9p1YA', 'BLANCHARD@test.de'),
(742, 'RIVAS', '$argon2id$v=19$m=65536,t=4,p=1$ZkRjNVJVaU83M1E1U3EuMg$ANBFNE+qN31RzlANFQGVsFoqS1LHqLJ/iNlQxt9p1YA', 'RIVAS@test.de'),
(743, 'BRENNAN', '$argon2id$v=19$m=65536,t=4,p=1$ZkRjNVJVaU83M1E1U3EuMg$ANBFNE+qN31RzlANFQGVsFoqS1LHqLJ/iNlQxt9p1YA', 'BRENNAN@test.de'),
(744, 'MEJIA', '$argon2id$v=19$m=65536,t=4,p=1$ZkRjNVJVaU83M1E1U3EuMg$ANBFNE+qN31RzlANFQGVsFoqS1LHqLJ/iNlQxt9p1YA', 'MEJIA@test.de');
INSERT INTO `user_pass` (`ID`, `username`, `password`, `email`) VALUES
(745, 'KANE', '$argon2id$v=19$m=65536,t=4,p=1$ZkRjNVJVaU83M1E1U3EuMg$ANBFNE+qN31RzlANFQGVsFoqS1LHqLJ/iNlQxt9p1YA', 'KANE@test.de'),
(746, 'BENTON', '$argon2id$v=19$m=65536,t=4,p=1$ZkRjNVJVaU83M1E1U3EuMg$ANBFNE+qN31RzlANFQGVsFoqS1LHqLJ/iNlQxt9p1YA', 'BENTON@test.de'),
(747, 'JOYCE', '$argon2id$v=19$m=65536,t=4,p=1$ZkRjNVJVaU83M1E1U3EuMg$ANBFNE+qN31RzlANFQGVsFoqS1LHqLJ/iNlQxt9p1YA', 'JOYCE@test.de'),
(748, 'BUCKLEY', '$argon2id$v=19$m=65536,t=4,p=1$ZkRjNVJVaU83M1E1U3EuMg$ANBFNE+qN31RzlANFQGVsFoqS1LHqLJ/iNlQxt9p1YA', 'BUCKLEY@test.de'),
(749, 'HALEY', '$argon2id$v=19$m=65536,t=4,p=1$ZkRjNVJVaU83M1E1U3EuMg$ANBFNE+qN31RzlANFQGVsFoqS1LHqLJ/iNlQxt9p1YA', 'HALEY@test.de'),
(750, 'VALENTINE', '$argon2id$v=19$m=65536,t=4,p=1$ZkRjNVJVaU83M1E1U3EuMg$ANBFNE+qN31RzlANFQGVsFoqS1LHqLJ/iNlQxt9p1YA', 'VALENTINE@test.de'),
(751, 'MADDOX', '$argon2id$v=19$m=65536,t=4,p=1$ZkRjNVJVaU83M1E1U3EuMg$ANBFNE+qN31RzlANFQGVsFoqS1LHqLJ/iNlQxt9p1YA', 'MADDOX@test.de'),
(752, 'RUSSO', '$argon2id$v=19$m=65536,t=4,p=1$ZkRjNVJVaU83M1E1U3EuMg$ANBFNE+qN31RzlANFQGVsFoqS1LHqLJ/iNlQxt9p1YA', 'RUSSO@test.de'),
(753, 'MCKNIGHT', '$argon2id$v=19$m=65536,t=4,p=1$ZkRjNVJVaU83M1E1U3EuMg$ANBFNE+qN31RzlANFQGVsFoqS1LHqLJ/iNlQxt9p1YA', 'MCKNIGHT@test.de'),
(754, 'BUCK', '$argon2id$v=19$m=65536,t=4,p=1$ZkRjNVJVaU83M1E1U3EuMg$ANBFNE+qN31RzlANFQGVsFoqS1LHqLJ/iNlQxt9p1YA', 'BUCK@test.de'),
(755, 'MOON', '$argon2id$v=19$m=65536,t=4,p=1$ZkRjNVJVaU83M1E1U3EuMg$ANBFNE+qN31RzlANFQGVsFoqS1LHqLJ/iNlQxt9p1YA', 'MOON@test.de'),
(756, 'MCMILLAN', '$argon2id$v=19$m=65536,t=4,p=1$ZkRjNVJVaU83M1E1U3EuMg$ANBFNE+qN31RzlANFQGVsFoqS1LHqLJ/iNlQxt9p1YA', 'MCMILLAN@test.de'),
(757, 'CROSBY', '$argon2id$v=19$m=65536,t=4,p=1$ZkRjNVJVaU83M1E1U3EuMg$ANBFNE+qN31RzlANFQGVsFoqS1LHqLJ/iNlQxt9p1YA', 'CROSBY@test.de'),
(758, 'BERG', '$argon2id$v=19$m=65536,t=4,p=1$ZkRjNVJVaU83M1E1U3EuMg$ANBFNE+qN31RzlANFQGVsFoqS1LHqLJ/iNlQxt9p1YA', 'BERG@test.de'),
(759, 'DOTSON', '$argon2id$v=19$m=65536,t=4,p=1$ZkRjNVJVaU83M1E1U3EuMg$ANBFNE+qN31RzlANFQGVsFoqS1LHqLJ/iNlQxt9p1YA', 'DOTSON@test.de'),
(760, 'MAYS', '$argon2id$v=19$m=65536,t=4,p=1$ZkRjNVJVaU83M1E1U3EuMg$ANBFNE+qN31RzlANFQGVsFoqS1LHqLJ/iNlQxt9p1YA', 'MAYS@test.de'),
(761, 'ROACH', '$argon2id$v=19$m=65536,t=4,p=1$ZkRjNVJVaU83M1E1U3EuMg$ANBFNE+qN31RzlANFQGVsFoqS1LHqLJ/iNlQxt9p1YA', 'ROACH@test.de'),
(762, 'CHURCH', '$argon2id$v=19$m=65536,t=4,p=1$ZkRjNVJVaU83M1E1U3EuMg$ANBFNE+qN31RzlANFQGVsFoqS1LHqLJ/iNlQxt9p1YA', 'CHURCH@test.de'),
(763, 'CHAN', '$argon2id$v=19$m=65536,t=4,p=1$ZkRjNVJVaU83M1E1U3EuMg$ANBFNE+qN31RzlANFQGVsFoqS1LHqLJ/iNlQxt9p1YA', 'CHAN@test.de'),
(764, 'RICHMOND', '$argon2id$v=19$m=65536,t=4,p=1$ZkRjNVJVaU83M1E1U3EuMg$ANBFNE+qN31RzlANFQGVsFoqS1LHqLJ/iNlQxt9p1YA', 'RICHMOND@test.de'),
(765, 'MEADOWS', '$argon2id$v=19$m=65536,t=4,p=1$ZkRjNVJVaU83M1E1U3EuMg$ANBFNE+qN31RzlANFQGVsFoqS1LHqLJ/iNlQxt9p1YA', 'MEADOWS@test.de'),
(766, 'FAULKNER', '$argon2id$v=19$m=65536,t=4,p=1$ZkRjNVJVaU83M1E1U3EuMg$ANBFNE+qN31RzlANFQGVsFoqS1LHqLJ/iNlQxt9p1YA', 'FAULKNER@test.de'),
(767, 'ONEILL', '$argon2id$v=19$m=65536,t=4,p=1$ZkRjNVJVaU83M1E1U3EuMg$ANBFNE+qN31RzlANFQGVsFoqS1LHqLJ/iNlQxt9p1YA', 'ONEILL@test.de'),
(768, 'KNAPP', '$argon2id$v=19$m=65536,t=4,p=1$ZkRjNVJVaU83M1E1U3EuMg$ANBFNE+qN31RzlANFQGVsFoqS1LHqLJ/iNlQxt9p1YA', 'KNAPP@test.de'),
(769, 'KLINE', '$argon2id$v=19$m=65536,t=4,p=1$ZkRjNVJVaU83M1E1U3EuMg$ANBFNE+qN31RzlANFQGVsFoqS1LHqLJ/iNlQxt9p1YA', 'KLINE@test.de'),
(770, 'BARRY', '$argon2id$v=19$m=65536,t=4,p=1$ZkRjNVJVaU83M1E1U3EuMg$ANBFNE+qN31RzlANFQGVsFoqS1LHqLJ/iNlQxt9p1YA', 'BARRY@test.de'),
(771, 'OCHOA', '$argon2id$v=19$m=65536,t=4,p=1$ZkRjNVJVaU83M1E1U3EuMg$ANBFNE+qN31RzlANFQGVsFoqS1LHqLJ/iNlQxt9p1YA', 'OCHOA@test.de'),
(772, 'JACOBSON', '$argon2id$v=19$m=65536,t=4,p=1$ZkRjNVJVaU83M1E1U3EuMg$ANBFNE+qN31RzlANFQGVsFoqS1LHqLJ/iNlQxt9p1YA', 'JACOBSON@test.de'),
(773, 'GAY', '$argon2id$v=19$m=65536,t=4,p=1$ZkRjNVJVaU83M1E1U3EuMg$ANBFNE+qN31RzlANFQGVsFoqS1LHqLJ/iNlQxt9p1YA', 'GAY@test.de'),
(774, 'AVERY', '$argon2id$v=19$m=65536,t=4,p=1$ZkRjNVJVaU83M1E1U3EuMg$ANBFNE+qN31RzlANFQGVsFoqS1LHqLJ/iNlQxt9p1YA', 'AVERY@test.de'),
(775, 'HENDRICKS', '$argon2id$v=19$m=65536,t=4,p=1$ZkRjNVJVaU83M1E1U3EuMg$ANBFNE+qN31RzlANFQGVsFoqS1LHqLJ/iNlQxt9p1YA', 'HENDRICKS@test.de'),
(776, 'HORNE', '$argon2id$v=19$m=65536,t=4,p=1$ZkRjNVJVaU83M1E1U3EuMg$ANBFNE+qN31RzlANFQGVsFoqS1LHqLJ/iNlQxt9p1YA', 'HORNE@test.de'),
(777, 'SHEPARD', '$argon2id$v=19$m=65536,t=4,p=1$ZkRjNVJVaU83M1E1U3EuMg$ANBFNE+qN31RzlANFQGVsFoqS1LHqLJ/iNlQxt9p1YA', 'SHEPARD@test.de'),
(778, 'HEBERT', '$argon2id$v=19$m=65536,t=4,p=1$ZkRjNVJVaU83M1E1U3EuMg$ANBFNE+qN31RzlANFQGVsFoqS1LHqLJ/iNlQxt9p1YA', 'HEBERT@test.de'),
(779, 'CHERRY', '$argon2id$v=19$m=65536,t=4,p=1$ZkRjNVJVaU83M1E1U3EuMg$ANBFNE+qN31RzlANFQGVsFoqS1LHqLJ/iNlQxt9p1YA', 'CHERRY@test.de'),
(780, 'CARDENAS', '$argon2id$v=19$m=65536,t=4,p=1$ZkRjNVJVaU83M1E1U3EuMg$ANBFNE+qN31RzlANFQGVsFoqS1LHqLJ/iNlQxt9p1YA', 'CARDENAS@test.de'),
(781, 'MCINTYRE', '$argon2id$v=19$m=65536,t=4,p=1$ZkRjNVJVaU83M1E1U3EuMg$ANBFNE+qN31RzlANFQGVsFoqS1LHqLJ/iNlQxt9p1YA', 'MCINTYRE@test.de'),
(782, 'WHITNEY', '$argon2id$v=19$m=65536,t=4,p=1$ZkRjNVJVaU83M1E1U3EuMg$ANBFNE+qN31RzlANFQGVsFoqS1LHqLJ/iNlQxt9p1YA', 'WHITNEY@test.de'),
(783, 'WALLER', '$argon2id$v=19$m=65536,t=4,p=1$ZkRjNVJVaU83M1E1U3EuMg$ANBFNE+qN31RzlANFQGVsFoqS1LHqLJ/iNlQxt9p1YA', 'WALLER@test.de'),
(784, 'HOLMAN', '$argon2id$v=19$m=65536,t=4,p=1$ZkRjNVJVaU83M1E1U3EuMg$ANBFNE+qN31RzlANFQGVsFoqS1LHqLJ/iNlQxt9p1YA', 'HOLMAN@test.de'),
(785, 'DONALDSON', '$argon2id$v=19$m=65536,t=4,p=1$ZkRjNVJVaU83M1E1U3EuMg$ANBFNE+qN31RzlANFQGVsFoqS1LHqLJ/iNlQxt9p1YA', 'DONALDSON@test.de'),
(786, 'CANTU', '$argon2id$v=19$m=65536,t=4,p=1$ZkRjNVJVaU83M1E1U3EuMg$ANBFNE+qN31RzlANFQGVsFoqS1LHqLJ/iNlQxt9p1YA', 'CANTU@test.de'),
(787, 'TERRELL', '$argon2id$v=19$m=65536,t=4,p=1$ZkRjNVJVaU83M1E1U3EuMg$ANBFNE+qN31RzlANFQGVsFoqS1LHqLJ/iNlQxt9p1YA', 'TERRELL@test.de'),
(788, 'MORIN', '$argon2id$v=19$m=65536,t=4,p=1$ZkRjNVJVaU83M1E1U3EuMg$ANBFNE+qN31RzlANFQGVsFoqS1LHqLJ/iNlQxt9p1YA', 'MORIN@test.de'),
(789, 'GILLESPIE', '$argon2id$v=19$m=65536,t=4,p=1$ZkRjNVJVaU83M1E1U3EuMg$ANBFNE+qN31RzlANFQGVsFoqS1LHqLJ/iNlQxt9p1YA', 'GILLESPIE@test.de'),
(790, 'FUENTES', '$argon2id$v=19$m=65536,t=4,p=1$ZkRjNVJVaU83M1E1U3EuMg$ANBFNE+qN31RzlANFQGVsFoqS1LHqLJ/iNlQxt9p1YA', 'FUENTES@test.de'),
(791, 'TILLMAN', '$argon2id$v=19$m=65536,t=4,p=1$ZkRjNVJVaU83M1E1U3EuMg$ANBFNE+qN31RzlANFQGVsFoqS1LHqLJ/iNlQxt9p1YA', 'TILLMAN@test.de'),
(792, 'SANFORD', '$argon2id$v=19$m=65536,t=4,p=1$ZkRjNVJVaU83M1E1U3EuMg$ANBFNE+qN31RzlANFQGVsFoqS1LHqLJ/iNlQxt9p1YA', 'SANFORD@test.de'),
(793, 'BENTLEY', '$argon2id$v=19$m=65536,t=4,p=1$ZkRjNVJVaU83M1E1U3EuMg$ANBFNE+qN31RzlANFQGVsFoqS1LHqLJ/iNlQxt9p1YA', 'BENTLEY@test.de'),
(794, 'PECK', '$argon2id$v=19$m=65536,t=4,p=1$ZkRjNVJVaU83M1E1U3EuMg$ANBFNE+qN31RzlANFQGVsFoqS1LHqLJ/iNlQxt9p1YA', 'PECK@test.de'),
(795, 'KEY', '$argon2id$v=19$m=65536,t=4,p=1$ZkRjNVJVaU83M1E1U3EuMg$ANBFNE+qN31RzlANFQGVsFoqS1LHqLJ/iNlQxt9p1YA', 'KEY@test.de'),
(796, 'SALAS', '$argon2id$v=19$m=65536,t=4,p=1$ZkRjNVJVaU83M1E1U3EuMg$ANBFNE+qN31RzlANFQGVsFoqS1LHqLJ/iNlQxt9p1YA', 'SALAS@test.de'),
(797, 'ROLLINS', '$argon2id$v=19$m=65536,t=4,p=1$ZkRjNVJVaU83M1E1U3EuMg$ANBFNE+qN31RzlANFQGVsFoqS1LHqLJ/iNlQxt9p1YA', 'ROLLINS@test.de'),
(798, 'GAMBLE', '$argon2id$v=19$m=65536,t=4,p=1$ZkRjNVJVaU83M1E1U3EuMg$ANBFNE+qN31RzlANFQGVsFoqS1LHqLJ/iNlQxt9p1YA', 'GAMBLE@test.de'),
(799, 'DICKSON', '$argon2id$v=19$m=65536,t=4,p=1$ZkRjNVJVaU83M1E1U3EuMg$ANBFNE+qN31RzlANFQGVsFoqS1LHqLJ/iNlQxt9p1YA', 'DICKSON@test.de'),
(800, 'BATTLE', '$argon2id$v=19$m=65536,t=4,p=1$ZkRjNVJVaU83M1E1U3EuMg$ANBFNE+qN31RzlANFQGVsFoqS1LHqLJ/iNlQxt9p1YA', 'BATTLE@test.de'),
(801, 'SANTANA', '$argon2id$v=19$m=65536,t=4,p=1$ZkRjNVJVaU83M1E1U3EuMg$ANBFNE+qN31RzlANFQGVsFoqS1LHqLJ/iNlQxt9p1YA', 'SANTANA@test.de'),
(802, 'CABRERA', '$argon2id$v=19$m=65536,t=4,p=1$ZkRjNVJVaU83M1E1U3EuMg$ANBFNE+qN31RzlANFQGVsFoqS1LHqLJ/iNlQxt9p1YA', 'CABRERA@test.de'),
(803, 'CERVANTES', '$argon2id$v=19$m=65536,t=4,p=1$ZkRjNVJVaU83M1E1U3EuMg$ANBFNE+qN31RzlANFQGVsFoqS1LHqLJ/iNlQxt9p1YA', 'CERVANTES@test.de'),
(804, 'HOWE', '$argon2id$v=19$m=65536,t=4,p=1$ZkRjNVJVaU83M1E1U3EuMg$ANBFNE+qN31RzlANFQGVsFoqS1LHqLJ/iNlQxt9p1YA', 'HOWE@test.de'),
(805, 'HINTON', '$argon2id$v=19$m=65536,t=4,p=1$ZkRjNVJVaU83M1E1U3EuMg$ANBFNE+qN31RzlANFQGVsFoqS1LHqLJ/iNlQxt9p1YA', 'HINTON@test.de'),
(806, 'HURLEY', '$argon2id$v=19$m=65536,t=4,p=1$ZkRjNVJVaU83M1E1U3EuMg$ANBFNE+qN31RzlANFQGVsFoqS1LHqLJ/iNlQxt9p1YA', 'HURLEY@test.de'),
(807, 'SPENCE', '$argon2id$v=19$m=65536,t=4,p=1$ZkRjNVJVaU83M1E1U3EuMg$ANBFNE+qN31RzlANFQGVsFoqS1LHqLJ/iNlQxt9p1YA', 'SPENCE@test.de'),
(808, 'ZAMORA', '$argon2id$v=19$m=65536,t=4,p=1$ZkRjNVJVaU83M1E1U3EuMg$ANBFNE+qN31RzlANFQGVsFoqS1LHqLJ/iNlQxt9p1YA', 'ZAMORA@test.de'),
(809, 'YANG', '$argon2id$v=19$m=65536,t=4,p=1$ZkRjNVJVaU83M1E1U3EuMg$ANBFNE+qN31RzlANFQGVsFoqS1LHqLJ/iNlQxt9p1YA', 'YANG@test.de'),
(810, 'MCNEIL', '$argon2id$v=19$m=65536,t=4,p=1$ZkRjNVJVaU83M1E1U3EuMg$ANBFNE+qN31RzlANFQGVsFoqS1LHqLJ/iNlQxt9p1YA', 'MCNEIL@test.de'),
(811, 'SUAREZ', '$argon2id$v=19$m=65536,t=4,p=1$ZkRjNVJVaU83M1E1U3EuMg$ANBFNE+qN31RzlANFQGVsFoqS1LHqLJ/iNlQxt9p1YA', 'SUAREZ@test.de'),
(812, 'CASE', '$argon2id$v=19$m=65536,t=4,p=1$ZkRjNVJVaU83M1E1U3EuMg$ANBFNE+qN31RzlANFQGVsFoqS1LHqLJ/iNlQxt9p1YA', 'CASE@test.de'),
(813, 'PETTY', '$argon2id$v=19$m=65536,t=4,p=1$ZkRjNVJVaU83M1E1U3EuMg$ANBFNE+qN31RzlANFQGVsFoqS1LHqLJ/iNlQxt9p1YA', 'PETTY@test.de'),
(814, 'GOULD', '$argon2id$v=19$m=65536,t=4,p=1$ZkRjNVJVaU83M1E1U3EuMg$ANBFNE+qN31RzlANFQGVsFoqS1LHqLJ/iNlQxt9p1YA', 'GOULD@test.de'),
(815, 'MCFARLAND', '$argon2id$v=19$m=65536,t=4,p=1$ZkRjNVJVaU83M1E1U3EuMg$ANBFNE+qN31RzlANFQGVsFoqS1LHqLJ/iNlQxt9p1YA', 'MCFARLAND@test.de'),
(816, 'SAMPSON', '$argon2id$v=19$m=65536,t=4,p=1$ZkRjNVJVaU83M1E1U3EuMg$ANBFNE+qN31RzlANFQGVsFoqS1LHqLJ/iNlQxt9p1YA', 'SAMPSON@test.de'),
(817, 'CARVER', '$argon2id$v=19$m=65536,t=4,p=1$ZkRjNVJVaU83M1E1U3EuMg$ANBFNE+qN31RzlANFQGVsFoqS1LHqLJ/iNlQxt9p1YA', 'CARVER@test.de'),
(818, 'BRAY', '$argon2id$v=19$m=65536,t=4,p=1$ZkRjNVJVaU83M1E1U3EuMg$ANBFNE+qN31RzlANFQGVsFoqS1LHqLJ/iNlQxt9p1YA', 'BRAY@test.de'),
(819, 'ROSARIO', '$argon2id$v=19$m=65536,t=4,p=1$ZkRjNVJVaU83M1E1U3EuMg$ANBFNE+qN31RzlANFQGVsFoqS1LHqLJ/iNlQxt9p1YA', 'ROSARIO@test.de'),
(820, 'MACDONALD', '$argon2id$v=19$m=65536,t=4,p=1$ZkRjNVJVaU83M1E1U3EuMg$ANBFNE+qN31RzlANFQGVsFoqS1LHqLJ/iNlQxt9p1YA', 'MACDONALD@test.de'),
(821, 'STOUT', '$argon2id$v=19$m=65536,t=4,p=1$ZkRjNVJVaU83M1E1U3EuMg$ANBFNE+qN31RzlANFQGVsFoqS1LHqLJ/iNlQxt9p1YA', 'STOUT@test.de'),
(822, 'HESTER', '$argon2id$v=19$m=65536,t=4,p=1$ZkRjNVJVaU83M1E1U3EuMg$ANBFNE+qN31RzlANFQGVsFoqS1LHqLJ/iNlQxt9p1YA', 'HESTER@test.de'),
(823, 'MELENDEZ', '$argon2id$v=19$m=65536,t=4,p=1$ZkRjNVJVaU83M1E1U3EuMg$ANBFNE+qN31RzlANFQGVsFoqS1LHqLJ/iNlQxt9p1YA', 'MELENDEZ@test.de'),
(824, 'DILLON', '$argon2id$v=19$m=65536,t=4,p=1$ZkRjNVJVaU83M1E1U3EuMg$ANBFNE+qN31RzlANFQGVsFoqS1LHqLJ/iNlQxt9p1YA', 'DILLON@test.de'),
(825, 'FARLEY', '$argon2id$v=19$m=65536,t=4,p=1$ZkRjNVJVaU83M1E1U3EuMg$ANBFNE+qN31RzlANFQGVsFoqS1LHqLJ/iNlQxt9p1YA', 'FARLEY@test.de'),
(826, 'HOPPER', '$argon2id$v=19$m=65536,t=4,p=1$ZkRjNVJVaU83M1E1U3EuMg$ANBFNE+qN31RzlANFQGVsFoqS1LHqLJ/iNlQxt9p1YA', 'HOPPER@test.de'),
(827, 'GALLOWAY', '$argon2id$v=19$m=65536,t=4,p=1$ZkRjNVJVaU83M1E1U3EuMg$ANBFNE+qN31RzlANFQGVsFoqS1LHqLJ/iNlQxt9p1YA', 'GALLOWAY@test.de'),
(828, 'POTTS', '$argon2id$v=19$m=65536,t=4,p=1$ZkRjNVJVaU83M1E1U3EuMg$ANBFNE+qN31RzlANFQGVsFoqS1LHqLJ/iNlQxt9p1YA', 'POTTS@test.de'),
(829, 'BERNARD', '$argon2id$v=19$m=65536,t=4,p=1$ZkRjNVJVaU83M1E1U3EuMg$ANBFNE+qN31RzlANFQGVsFoqS1LHqLJ/iNlQxt9p1YA', 'BERNARD@test.de'),
(830, 'JOYNER', '$argon2id$v=19$m=65536,t=4,p=1$ZkRjNVJVaU83M1E1U3EuMg$ANBFNE+qN31RzlANFQGVsFoqS1LHqLJ/iNlQxt9p1YA', 'JOYNER@test.de'),
(831, 'STEIN', '$argon2id$v=19$m=65536,t=4,p=1$ZkRjNVJVaU83M1E1U3EuMg$ANBFNE+qN31RzlANFQGVsFoqS1LHqLJ/iNlQxt9p1YA', 'STEIN@test.de'),
(832, 'AGUIRRE', '$argon2id$v=19$m=65536,t=4,p=1$ZkRjNVJVaU83M1E1U3EuMg$ANBFNE+qN31RzlANFQGVsFoqS1LHqLJ/iNlQxt9p1YA', 'AGUIRRE@test.de'),
(833, 'OSBORN', '$argon2id$v=19$m=65536,t=4,p=1$ZkRjNVJVaU83M1E1U3EuMg$ANBFNE+qN31RzlANFQGVsFoqS1LHqLJ/iNlQxt9p1YA', 'OSBORN@test.de'),
(834, 'MERCER', '$argon2id$v=19$m=65536,t=4,p=1$ZkRjNVJVaU83M1E1U3EuMg$ANBFNE+qN31RzlANFQGVsFoqS1LHqLJ/iNlQxt9p1YA', 'MERCER@test.de'),
(835, 'BENDER', '$argon2id$v=19$m=65536,t=4,p=1$ZkRjNVJVaU83M1E1U3EuMg$ANBFNE+qN31RzlANFQGVsFoqS1LHqLJ/iNlQxt9p1YA', 'BENDER@test.de'),
(836, 'FRANCO', '$argon2id$v=19$m=65536,t=4,p=1$ZkRjNVJVaU83M1E1U3EuMg$ANBFNE+qN31RzlANFQGVsFoqS1LHqLJ/iNlQxt9p1YA', 'FRANCO@test.de'),
(837, 'ROWLAND', '$argon2id$v=19$m=65536,t=4,p=1$ZkRjNVJVaU83M1E1U3EuMg$ANBFNE+qN31RzlANFQGVsFoqS1LHqLJ/iNlQxt9p1YA', 'ROWLAND@test.de'),
(838, 'SYKES', '$argon2id$v=19$m=65536,t=4,p=1$ZkRjNVJVaU83M1E1U3EuMg$ANBFNE+qN31RzlANFQGVsFoqS1LHqLJ/iNlQxt9p1YA', 'SYKES@test.de'),
(839, 'BENJAMIN', '$argon2id$v=19$m=65536,t=4,p=1$ZkRjNVJVaU83M1E1U3EuMg$ANBFNE+qN31RzlANFQGVsFoqS1LHqLJ/iNlQxt9p1YA', 'BENJAMIN@test.de'),
(840, 'TRAVIS', '$argon2id$v=19$m=65536,t=4,p=1$ZkRjNVJVaU83M1E1U3EuMg$ANBFNE+qN31RzlANFQGVsFoqS1LHqLJ/iNlQxt9p1YA', 'TRAVIS@test.de'),
(841, 'PICKETT', '$argon2id$v=19$m=65536,t=4,p=1$ZkRjNVJVaU83M1E1U3EuMg$ANBFNE+qN31RzlANFQGVsFoqS1LHqLJ/iNlQxt9p1YA', 'PICKETT@test.de'),
(842, 'CRANE', '$argon2id$v=19$m=65536,t=4,p=1$ZkRjNVJVaU83M1E1U3EuMg$ANBFNE+qN31RzlANFQGVsFoqS1LHqLJ/iNlQxt9p1YA', 'CRANE@test.de'),
(843, 'SEARS', '$argon2id$v=19$m=65536,t=4,p=1$ZkRjNVJVaU83M1E1U3EuMg$ANBFNE+qN31RzlANFQGVsFoqS1LHqLJ/iNlQxt9p1YA', 'SEARS@test.de'),
(844, 'MAYO', '$argon2id$v=19$m=65536,t=4,p=1$ZkRjNVJVaU83M1E1U3EuMg$ANBFNE+qN31RzlANFQGVsFoqS1LHqLJ/iNlQxt9p1YA', 'MAYO@test.de'),
(845, 'DUNLAP', '$argon2id$v=19$m=65536,t=4,p=1$ZkRjNVJVaU83M1E1U3EuMg$ANBFNE+qN31RzlANFQGVsFoqS1LHqLJ/iNlQxt9p1YA', 'DUNLAP@test.de'),
(846, 'HAYDEN', '$argon2id$v=19$m=65536,t=4,p=1$ZkRjNVJVaU83M1E1U3EuMg$ANBFNE+qN31RzlANFQGVsFoqS1LHqLJ/iNlQxt9p1YA', 'HAYDEN@test.de'),
(847, 'WILDER', '$argon2id$v=19$m=65536,t=4,p=1$ZkRjNVJVaU83M1E1U3EuMg$ANBFNE+qN31RzlANFQGVsFoqS1LHqLJ/iNlQxt9p1YA', 'WILDER@test.de'),
(848, 'MCKAY', '$argon2id$v=19$m=65536,t=4,p=1$ZkRjNVJVaU83M1E1U3EuMg$ANBFNE+qN31RzlANFQGVsFoqS1LHqLJ/iNlQxt9p1YA', 'MCKAY@test.de'),
(849, 'COFFEY', '$argon2id$v=19$m=65536,t=4,p=1$ZkRjNVJVaU83M1E1U3EuMg$ANBFNE+qN31RzlANFQGVsFoqS1LHqLJ/iNlQxt9p1YA', 'COFFEY@test.de'),
(850, 'MCCARTY', '$argon2id$v=19$m=65536,t=4,p=1$ZkRjNVJVaU83M1E1U3EuMg$ANBFNE+qN31RzlANFQGVsFoqS1LHqLJ/iNlQxt9p1YA', 'MCCARTY@test.de'),
(851, 'EWING', '$argon2id$v=19$m=65536,t=4,p=1$ZkRjNVJVaU83M1E1U3EuMg$ANBFNE+qN31RzlANFQGVsFoqS1LHqLJ/iNlQxt9p1YA', 'EWING@test.de'),
(852, 'COOLEY', '$argon2id$v=19$m=65536,t=4,p=1$ZkRjNVJVaU83M1E1U3EuMg$ANBFNE+qN31RzlANFQGVsFoqS1LHqLJ/iNlQxt9p1YA', 'COOLEY@test.de'),
(853, 'VAUGHAN', '$argon2id$v=19$m=65536,t=4,p=1$ZkRjNVJVaU83M1E1U3EuMg$ANBFNE+qN31RzlANFQGVsFoqS1LHqLJ/iNlQxt9p1YA', 'VAUGHAN@test.de'),
(854, 'BONNER', '$argon2id$v=19$m=65536,t=4,p=1$ZkRjNVJVaU83M1E1U3EuMg$ANBFNE+qN31RzlANFQGVsFoqS1LHqLJ/iNlQxt9p1YA', 'BONNER@test.de'),
(855, 'COTTON', '$argon2id$v=19$m=65536,t=4,p=1$ZkRjNVJVaU83M1E1U3EuMg$ANBFNE+qN31RzlANFQGVsFoqS1LHqLJ/iNlQxt9p1YA', 'COTTON@test.de'),
(856, 'HOLDER', '$argon2id$v=19$m=65536,t=4,p=1$ZkRjNVJVaU83M1E1U3EuMg$ANBFNE+qN31RzlANFQGVsFoqS1LHqLJ/iNlQxt9p1YA', 'HOLDER@test.de'),
(857, 'STARK', '$argon2id$v=19$m=65536,t=4,p=1$ZkRjNVJVaU83M1E1U3EuMg$ANBFNE+qN31RzlANFQGVsFoqS1LHqLJ/iNlQxt9p1YA', 'STARK@test.de'),
(858, 'FERRELL', '$argon2id$v=19$m=65536,t=4,p=1$ZkRjNVJVaU83M1E1U3EuMg$ANBFNE+qN31RzlANFQGVsFoqS1LHqLJ/iNlQxt9p1YA', 'FERRELL@test.de'),
(859, 'CANTRELL', '$argon2id$v=19$m=65536,t=4,p=1$ZkRjNVJVaU83M1E1U3EuMg$ANBFNE+qN31RzlANFQGVsFoqS1LHqLJ/iNlQxt9p1YA', 'CANTRELL@test.de'),
(860, 'FULTON', '$argon2id$v=19$m=65536,t=4,p=1$ZkRjNVJVaU83M1E1U3EuMg$ANBFNE+qN31RzlANFQGVsFoqS1LHqLJ/iNlQxt9p1YA', 'FULTON@test.de'),
(861, 'LYNN', '$argon2id$v=19$m=65536,t=4,p=1$ZkRjNVJVaU83M1E1U3EuMg$ANBFNE+qN31RzlANFQGVsFoqS1LHqLJ/iNlQxt9p1YA', 'LYNN@test.de'),
(862, 'LOTT', '$argon2id$v=19$m=65536,t=4,p=1$ZkRjNVJVaU83M1E1U3EuMg$ANBFNE+qN31RzlANFQGVsFoqS1LHqLJ/iNlQxt9p1YA', 'LOTT@test.de'),
(863, 'CALDERON', '$argon2id$v=19$m=65536,t=4,p=1$ZkRjNVJVaU83M1E1U3EuMg$ANBFNE+qN31RzlANFQGVsFoqS1LHqLJ/iNlQxt9p1YA', 'CALDERON@test.de'),
(864, 'ROSA', '$argon2id$v=19$m=65536,t=4,p=1$ZkRjNVJVaU83M1E1U3EuMg$ANBFNE+qN31RzlANFQGVsFoqS1LHqLJ/iNlQxt9p1YA', 'ROSA@test.de'),
(865, 'POLLARD', '$argon2id$v=19$m=65536,t=4,p=1$ZkRjNVJVaU83M1E1U3EuMg$ANBFNE+qN31RzlANFQGVsFoqS1LHqLJ/iNlQxt9p1YA', 'POLLARD@test.de'),
(866, 'HOOPER', '$argon2id$v=19$m=65536,t=4,p=1$ZkRjNVJVaU83M1E1U3EuMg$ANBFNE+qN31RzlANFQGVsFoqS1LHqLJ/iNlQxt9p1YA', 'HOOPER@test.de'),
(867, 'BURCH', '$argon2id$v=19$m=65536,t=4,p=1$ZkRjNVJVaU83M1E1U3EuMg$ANBFNE+qN31RzlANFQGVsFoqS1LHqLJ/iNlQxt9p1YA', 'BURCH@test.de'),
(868, 'MULLEN', '$argon2id$v=19$m=65536,t=4,p=1$ZkRjNVJVaU83M1E1U3EuMg$ANBFNE+qN31RzlANFQGVsFoqS1LHqLJ/iNlQxt9p1YA', 'MULLEN@test.de'),
(869, 'FRY', '$argon2id$v=19$m=65536,t=4,p=1$ZkRjNVJVaU83M1E1U3EuMg$ANBFNE+qN31RzlANFQGVsFoqS1LHqLJ/iNlQxt9p1YA', 'FRY@test.de'),
(870, 'RIDDLE', '$argon2id$v=19$m=65536,t=4,p=1$ZkRjNVJVaU83M1E1U3EuMg$ANBFNE+qN31RzlANFQGVsFoqS1LHqLJ/iNlQxt9p1YA', 'RIDDLE@test.de'),
(871, 'LEVY', '$argon2id$v=19$m=65536,t=4,p=1$ZkRjNVJVaU83M1E1U3EuMg$ANBFNE+qN31RzlANFQGVsFoqS1LHqLJ/iNlQxt9p1YA', 'LEVY@test.de'),
(872, 'DAVID', '$argon2id$v=19$m=65536,t=4,p=1$ZkRjNVJVaU83M1E1U3EuMg$ANBFNE+qN31RzlANFQGVsFoqS1LHqLJ/iNlQxt9p1YA', 'DAVID@test.de'),
(873, 'DUKE', '$argon2id$v=19$m=65536,t=4,p=1$ZkRjNVJVaU83M1E1U3EuMg$ANBFNE+qN31RzlANFQGVsFoqS1LHqLJ/iNlQxt9p1YA', 'DUKE@test.de'),
(874, 'ODONNELL', '$argon2id$v=19$m=65536,t=4,p=1$ZkRjNVJVaU83M1E1U3EuMg$ANBFNE+qN31RzlANFQGVsFoqS1LHqLJ/iNlQxt9p1YA', 'ODONNELL@test.de'),
(875, 'GUY', '$argon2id$v=19$m=65536,t=4,p=1$ZkRjNVJVaU83M1E1U3EuMg$ANBFNE+qN31RzlANFQGVsFoqS1LHqLJ/iNlQxt9p1YA', 'GUY@test.de'),
(876, 'MICHAEL', '$argon2id$v=19$m=65536,t=4,p=1$ZkRjNVJVaU83M1E1U3EuMg$ANBFNE+qN31RzlANFQGVsFoqS1LHqLJ/iNlQxt9p1YA', 'MICHAEL@test.de'),
(877, 'BRITT', '$argon2id$v=19$m=65536,t=4,p=1$ZkRjNVJVaU83M1E1U3EuMg$ANBFNE+qN31RzlANFQGVsFoqS1LHqLJ/iNlQxt9p1YA', 'BRITT@test.de'),
(878, 'FREDERICK', '$argon2id$v=19$m=65536,t=4,p=1$ZkRjNVJVaU83M1E1U3EuMg$ANBFNE+qN31RzlANFQGVsFoqS1LHqLJ/iNlQxt9p1YA', 'FREDERICK@test.de'),
(879, 'DAUGHERTY', '$argon2id$v=19$m=65536,t=4,p=1$ZkRjNVJVaU83M1E1U3EuMg$ANBFNE+qN31RzlANFQGVsFoqS1LHqLJ/iNlQxt9p1YA', 'DAUGHERTY@test.de'),
(880, 'BERGER', '$argon2id$v=19$m=65536,t=4,p=1$ZkRjNVJVaU83M1E1U3EuMg$ANBFNE+qN31RzlANFQGVsFoqS1LHqLJ/iNlQxt9p1YA', 'BERGER@test.de'),
(881, 'DILLARD', '$argon2id$v=19$m=65536,t=4,p=1$ZkRjNVJVaU83M1E1U3EuMg$ANBFNE+qN31RzlANFQGVsFoqS1LHqLJ/iNlQxt9p1YA', 'DILLARD@test.de'),
(882, 'ALSTON', '$argon2id$v=19$m=65536,t=4,p=1$ZkRjNVJVaU83M1E1U3EuMg$ANBFNE+qN31RzlANFQGVsFoqS1LHqLJ/iNlQxt9p1YA', 'ALSTON@test.de'),
(883, 'JARVIS', '$argon2id$v=19$m=65536,t=4,p=1$ZkRjNVJVaU83M1E1U3EuMg$ANBFNE+qN31RzlANFQGVsFoqS1LHqLJ/iNlQxt9p1YA', 'JARVIS@test.de'),
(884, 'FRYE', '$argon2id$v=19$m=65536,t=4,p=1$ZkRjNVJVaU83M1E1U3EuMg$ANBFNE+qN31RzlANFQGVsFoqS1LHqLJ/iNlQxt9p1YA', 'FRYE@test.de'),
(885, 'RIGGS', '$argon2id$v=19$m=65536,t=4,p=1$ZkRjNVJVaU83M1E1U3EuMg$ANBFNE+qN31RzlANFQGVsFoqS1LHqLJ/iNlQxt9p1YA', 'RIGGS@test.de'),
(886, 'CHANEY', '$argon2id$v=19$m=65536,t=4,p=1$ZkRjNVJVaU83M1E1U3EuMg$ANBFNE+qN31RzlANFQGVsFoqS1LHqLJ/iNlQxt9p1YA', 'CHANEY@test.de'),
(887, 'ODOM', '$argon2id$v=19$m=65536,t=4,p=1$ZkRjNVJVaU83M1E1U3EuMg$ANBFNE+qN31RzlANFQGVsFoqS1LHqLJ/iNlQxt9p1YA', 'ODOM@test.de'),
(888, 'DUFFY', '$argon2id$v=19$m=65536,t=4,p=1$ZkRjNVJVaU83M1E1U3EuMg$ANBFNE+qN31RzlANFQGVsFoqS1LHqLJ/iNlQxt9p1YA', 'DUFFY@test.de'),
(889, 'FITZPATRICK', '$argon2id$v=19$m=65536,t=4,p=1$ZkRjNVJVaU83M1E1U3EuMg$ANBFNE+qN31RzlANFQGVsFoqS1LHqLJ/iNlQxt9p1YA', 'FITZPATRICK@test.de'),
(890, 'VALENZUELA', '$argon2id$v=19$m=65536,t=4,p=1$ZkRjNVJVaU83M1E1U3EuMg$ANBFNE+qN31RzlANFQGVsFoqS1LHqLJ/iNlQxt9p1YA', 'VALENZUELA@test.de'),
(891, 'MERRILL', '$argon2id$v=19$m=65536,t=4,p=1$ZkRjNVJVaU83M1E1U3EuMg$ANBFNE+qN31RzlANFQGVsFoqS1LHqLJ/iNlQxt9p1YA', 'MERRILL@test.de'),
(892, 'MAYER', '$argon2id$v=19$m=65536,t=4,p=1$ZkRjNVJVaU83M1E1U3EuMg$ANBFNE+qN31RzlANFQGVsFoqS1LHqLJ/iNlQxt9p1YA', 'MAYER@test.de'),
(893, 'ALFORD', '$argon2id$v=19$m=65536,t=4,p=1$ZkRjNVJVaU83M1E1U3EuMg$ANBFNE+qN31RzlANFQGVsFoqS1LHqLJ/iNlQxt9p1YA', 'ALFORD@test.de'),
(894, 'MCPHERSON', '$argon2id$v=19$m=65536,t=4,p=1$ZkRjNVJVaU83M1E1U3EuMg$ANBFNE+qN31RzlANFQGVsFoqS1LHqLJ/iNlQxt9p1YA', 'MCPHERSON@test.de'),
(895, 'ACEVEDO', '$argon2id$v=19$m=65536,t=4,p=1$ZkRjNVJVaU83M1E1U3EuMg$ANBFNE+qN31RzlANFQGVsFoqS1LHqLJ/iNlQxt9p1YA', 'ACEVEDO@test.de'),
(896, 'DONOVAN', '$argon2id$v=19$m=65536,t=4,p=1$ZkRjNVJVaU83M1E1U3EuMg$ANBFNE+qN31RzlANFQGVsFoqS1LHqLJ/iNlQxt9p1YA', 'DONOVAN@test.de'),
(897, 'BARRERA', '$argon2id$v=19$m=65536,t=4,p=1$ZkRjNVJVaU83M1E1U3EuMg$ANBFNE+qN31RzlANFQGVsFoqS1LHqLJ/iNlQxt9p1YA', 'BARRERA@test.de'),
(898, 'ALBERT', '$argon2id$v=19$m=65536,t=4,p=1$ZkRjNVJVaU83M1E1U3EuMg$ANBFNE+qN31RzlANFQGVsFoqS1LHqLJ/iNlQxt9p1YA', 'ALBERT@test.de'),
(899, 'COTE', '$argon2id$v=19$m=65536,t=4,p=1$ZkRjNVJVaU83M1E1U3EuMg$ANBFNE+qN31RzlANFQGVsFoqS1LHqLJ/iNlQxt9p1YA', 'COTE@test.de'),
(900, 'REILLY', '$argon2id$v=19$m=65536,t=4,p=1$ZkRjNVJVaU83M1E1U3EuMg$ANBFNE+qN31RzlANFQGVsFoqS1LHqLJ/iNlQxt9p1YA', 'REILLY@test.de'),
(901, 'COMPTON', '$argon2id$v=19$m=65536,t=4,p=1$ZkRjNVJVaU83M1E1U3EuMg$ANBFNE+qN31RzlANFQGVsFoqS1LHqLJ/iNlQxt9p1YA', 'COMPTON@test.de'),
(902, 'RAYMOND', '$argon2id$v=19$m=65536,t=4,p=1$ZkRjNVJVaU83M1E1U3EuMg$ANBFNE+qN31RzlANFQGVsFoqS1LHqLJ/iNlQxt9p1YA', 'RAYMOND@test.de'),
(903, 'MOONEY', '$argon2id$v=19$m=65536,t=4,p=1$ZkRjNVJVaU83M1E1U3EuMg$ANBFNE+qN31RzlANFQGVsFoqS1LHqLJ/iNlQxt9p1YA', 'MOONEY@test.de'),
(904, 'MCGOWAN', '$argon2id$v=19$m=65536,t=4,p=1$ZkRjNVJVaU83M1E1U3EuMg$ANBFNE+qN31RzlANFQGVsFoqS1LHqLJ/iNlQxt9p1YA', 'MCGOWAN@test.de'),
(905, 'CRAFT', '$argon2id$v=19$m=65536,t=4,p=1$ZkRjNVJVaU83M1E1U3EuMg$ANBFNE+qN31RzlANFQGVsFoqS1LHqLJ/iNlQxt9p1YA', 'CRAFT@test.de'),
(906, 'CLEVELAND', '$argon2id$v=19$m=65536,t=4,p=1$ZkRjNVJVaU83M1E1U3EuMg$ANBFNE+qN31RzlANFQGVsFoqS1LHqLJ/iNlQxt9p1YA', 'CLEVELAND@test.de'),
(907, 'CLEMONS', '$argon2id$v=19$m=65536,t=4,p=1$ZkRjNVJVaU83M1E1U3EuMg$ANBFNE+qN31RzlANFQGVsFoqS1LHqLJ/iNlQxt9p1YA', 'CLEMONS@test.de'),
(908, 'WYNN', '$argon2id$v=19$m=65536,t=4,p=1$ZkRjNVJVaU83M1E1U3EuMg$ANBFNE+qN31RzlANFQGVsFoqS1LHqLJ/iNlQxt9p1YA', 'WYNN@test.de'),
(909, 'NIELSEN', '$argon2id$v=19$m=65536,t=4,p=1$ZkRjNVJVaU83M1E1U3EuMg$ANBFNE+qN31RzlANFQGVsFoqS1LHqLJ/iNlQxt9p1YA', 'NIELSEN@test.de'),
(910, 'BAIRD', '$argon2id$v=19$m=65536,t=4,p=1$ZkRjNVJVaU83M1E1U3EuMg$ANBFNE+qN31RzlANFQGVsFoqS1LHqLJ/iNlQxt9p1YA', 'BAIRD@test.de'),
(911, 'STANTON', '$argon2id$v=19$m=65536,t=4,p=1$ZkRjNVJVaU83M1E1U3EuMg$ANBFNE+qN31RzlANFQGVsFoqS1LHqLJ/iNlQxt9p1YA', 'STANTON@test.de'),
(912, 'SNIDER', '$argon2id$v=19$m=65536,t=4,p=1$ZkRjNVJVaU83M1E1U3EuMg$ANBFNE+qN31RzlANFQGVsFoqS1LHqLJ/iNlQxt9p1YA', 'SNIDER@test.de'),
(913, 'ROSALES', '$argon2id$v=19$m=65536,t=4,p=1$ZkRjNVJVaU83M1E1U3EuMg$ANBFNE+qN31RzlANFQGVsFoqS1LHqLJ/iNlQxt9p1YA', 'ROSALES@test.de'),
(914, 'BRIGHT', '$argon2id$v=19$m=65536,t=4,p=1$ZkRjNVJVaU83M1E1U3EuMg$ANBFNE+qN31RzlANFQGVsFoqS1LHqLJ/iNlQxt9p1YA', 'BRIGHT@test.de'),
(915, 'WITT', '$argon2id$v=19$m=65536,t=4,p=1$ZkRjNVJVaU83M1E1U3EuMg$ANBFNE+qN31RzlANFQGVsFoqS1LHqLJ/iNlQxt9p1YA', 'WITT@test.de'),
(916, 'STUART', '$argon2id$v=19$m=65536,t=4,p=1$ZkRjNVJVaU83M1E1U3EuMg$ANBFNE+qN31RzlANFQGVsFoqS1LHqLJ/iNlQxt9p1YA', 'STUART@test.de'),
(917, 'HAYS', '$argon2id$v=19$m=65536,t=4,p=1$ZkRjNVJVaU83M1E1U3EuMg$ANBFNE+qN31RzlANFQGVsFoqS1LHqLJ/iNlQxt9p1YA', 'HAYS@test.de'),
(918, 'HOLDEN', '$argon2id$v=19$m=65536,t=4,p=1$ZkRjNVJVaU83M1E1U3EuMg$ANBFNE+qN31RzlANFQGVsFoqS1LHqLJ/iNlQxt9p1YA', 'HOLDEN@test.de'),
(919, 'RUTLEDGE', '$argon2id$v=19$m=65536,t=4,p=1$ZkRjNVJVaU83M1E1U3EuMg$ANBFNE+qN31RzlANFQGVsFoqS1LHqLJ/iNlQxt9p1YA', 'RUTLEDGE@test.de'),
(920, 'KINNEY', '$argon2id$v=19$m=65536,t=4,p=1$ZkRjNVJVaU83M1E1U3EuMg$ANBFNE+qN31RzlANFQGVsFoqS1LHqLJ/iNlQxt9p1YA', 'KINNEY@test.de'),
(921, 'CLEMENTS', '$argon2id$v=19$m=65536,t=4,p=1$ZkRjNVJVaU83M1E1U3EuMg$ANBFNE+qN31RzlANFQGVsFoqS1LHqLJ/iNlQxt9p1YA', 'CLEMENTS@test.de'),
(922, 'CASTANEDA', '$argon2id$v=19$m=65536,t=4,p=1$ZkRjNVJVaU83M1E1U3EuMg$ANBFNE+qN31RzlANFQGVsFoqS1LHqLJ/iNlQxt9p1YA', 'CASTANEDA@test.de'),
(923, 'SLATER', '$argon2id$v=19$m=65536,t=4,p=1$ZkRjNVJVaU83M1E1U3EuMg$ANBFNE+qN31RzlANFQGVsFoqS1LHqLJ/iNlQxt9p1YA', 'SLATER@test.de'),
(924, 'HAHN', '$argon2id$v=19$m=65536,t=4,p=1$ZkRjNVJVaU83M1E1U3EuMg$ANBFNE+qN31RzlANFQGVsFoqS1LHqLJ/iNlQxt9p1YA', 'HAHN@test.de'),
(925, 'EMERSON', '$argon2id$v=19$m=65536,t=4,p=1$ZkRjNVJVaU83M1E1U3EuMg$ANBFNE+qN31RzlANFQGVsFoqS1LHqLJ/iNlQxt9p1YA', 'EMERSON@test.de'),
(926, 'CONRAD', '$argon2id$v=19$m=65536,t=4,p=1$ZkRjNVJVaU83M1E1U3EuMg$ANBFNE+qN31RzlANFQGVsFoqS1LHqLJ/iNlQxt9p1YA', 'CONRAD@test.de'),
(927, 'BURKS', '$argon2id$v=19$m=65536,t=4,p=1$ZkRjNVJVaU83M1E1U3EuMg$ANBFNE+qN31RzlANFQGVsFoqS1LHqLJ/iNlQxt9p1YA', 'BURKS@test.de'),
(928, 'DELANEY', '$argon2id$v=19$m=65536,t=4,p=1$ZkRjNVJVaU83M1E1U3EuMg$ANBFNE+qN31RzlANFQGVsFoqS1LHqLJ/iNlQxt9p1YA', 'DELANEY@test.de'),
(929, 'PATE', '$argon2id$v=19$m=65536,t=4,p=1$ZkRjNVJVaU83M1E1U3EuMg$ANBFNE+qN31RzlANFQGVsFoqS1LHqLJ/iNlQxt9p1YA', 'PATE@test.de'),
(930, 'LANCASTER', '$argon2id$v=19$m=65536,t=4,p=1$ZkRjNVJVaU83M1E1U3EuMg$ANBFNE+qN31RzlANFQGVsFoqS1LHqLJ/iNlQxt9p1YA', 'LANCASTER@test.de'),
(931, 'SWEET', '$argon2id$v=19$m=65536,t=4,p=1$ZkRjNVJVaU83M1E1U3EuMg$ANBFNE+qN31RzlANFQGVsFoqS1LHqLJ/iNlQxt9p1YA', 'SWEET@test.de'),
(932, 'JUSTICE', '$argon2id$v=19$m=65536,t=4,p=1$ZkRjNVJVaU83M1E1U3EuMg$ANBFNE+qN31RzlANFQGVsFoqS1LHqLJ/iNlQxt9p1YA', 'JUSTICE@test.de'),
(933, 'TYSON', '$argon2id$v=19$m=65536,t=4,p=1$ZkRjNVJVaU83M1E1U3EuMg$ANBFNE+qN31RzlANFQGVsFoqS1LHqLJ/iNlQxt9p1YA', 'TYSON@test.de'),
(934, 'SHARPE', '$argon2id$v=19$m=65536,t=4,p=1$ZkRjNVJVaU83M1E1U3EuMg$ANBFNE+qN31RzlANFQGVsFoqS1LHqLJ/iNlQxt9p1YA', 'SHARPE@test.de'),
(935, 'WHITFIELD', '$argon2id$v=19$m=65536,t=4,p=1$ZkRjNVJVaU83M1E1U3EuMg$ANBFNE+qN31RzlANFQGVsFoqS1LHqLJ/iNlQxt9p1YA', 'WHITFIELD@test.de'),
(936, 'TALLEY', '$argon2id$v=19$m=65536,t=4,p=1$ZkRjNVJVaU83M1E1U3EuMg$ANBFNE+qN31RzlANFQGVsFoqS1LHqLJ/iNlQxt9p1YA', 'TALLEY@test.de'),
(937, 'MACIAS', '$argon2id$v=19$m=65536,t=4,p=1$ZkRjNVJVaU83M1E1U3EuMg$ANBFNE+qN31RzlANFQGVsFoqS1LHqLJ/iNlQxt9p1YA', 'MACIAS@test.de'),
(938, 'IRWIN', '$argon2id$v=19$m=65536,t=4,p=1$ZkRjNVJVaU83M1E1U3EuMg$ANBFNE+qN31RzlANFQGVsFoqS1LHqLJ/iNlQxt9p1YA', 'IRWIN@test.de'),
(939, 'BURRIS', '$argon2id$v=19$m=65536,t=4,p=1$ZkRjNVJVaU83M1E1U3EuMg$ANBFNE+qN31RzlANFQGVsFoqS1LHqLJ/iNlQxt9p1YA', 'BURRIS@test.de'),
(940, 'RATLIFF', '$argon2id$v=19$m=65536,t=4,p=1$ZkRjNVJVaU83M1E1U3EuMg$ANBFNE+qN31RzlANFQGVsFoqS1LHqLJ/iNlQxt9p1YA', 'RATLIFF@test.de'),
(941, 'MCCRAY', '$argon2id$v=19$m=65536,t=4,p=1$ZkRjNVJVaU83M1E1U3EuMg$ANBFNE+qN31RzlANFQGVsFoqS1LHqLJ/iNlQxt9p1YA', 'MCCRAY@test.de'),
(942, 'MADDEN', '$argon2id$v=19$m=65536,t=4,p=1$ZkRjNVJVaU83M1E1U3EuMg$ANBFNE+qN31RzlANFQGVsFoqS1LHqLJ/iNlQxt9p1YA', 'MADDEN@test.de'),
(943, 'KAUFMAN', '$argon2id$v=19$m=65536,t=4,p=1$ZkRjNVJVaU83M1E1U3EuMg$ANBFNE+qN31RzlANFQGVsFoqS1LHqLJ/iNlQxt9p1YA', 'KAUFMAN@test.de'),
(944, 'BEACH', '$argon2id$v=19$m=65536,t=4,p=1$ZkRjNVJVaU83M1E1U3EuMg$ANBFNE+qN31RzlANFQGVsFoqS1LHqLJ/iNlQxt9p1YA', 'BEACH@test.de'),
(945, 'GOFF', '$argon2id$v=19$m=65536,t=4,p=1$ZkRjNVJVaU83M1E1U3EuMg$ANBFNE+qN31RzlANFQGVsFoqS1LHqLJ/iNlQxt9p1YA', 'GOFF@test.de'),
(946, 'CASH', '$argon2id$v=19$m=65536,t=4,p=1$ZkRjNVJVaU83M1E1U3EuMg$ANBFNE+qN31RzlANFQGVsFoqS1LHqLJ/iNlQxt9p1YA', 'CASH@test.de'),
(947, 'BOLTON', '$argon2id$v=19$m=65536,t=4,p=1$ZkRjNVJVaU83M1E1U3EuMg$ANBFNE+qN31RzlANFQGVsFoqS1LHqLJ/iNlQxt9p1YA', 'BOLTON@test.de'),
(948, 'MCFADDEN', '$argon2id$v=19$m=65536,t=4,p=1$ZkRjNVJVaU83M1E1U3EuMg$ANBFNE+qN31RzlANFQGVsFoqS1LHqLJ/iNlQxt9p1YA', 'MCFADDEN@test.de'),
(949, 'LEVINE', '$argon2id$v=19$m=65536,t=4,p=1$ZkRjNVJVaU83M1E1U3EuMg$ANBFNE+qN31RzlANFQGVsFoqS1LHqLJ/iNlQxt9p1YA', 'LEVINE@test.de'),
(950, 'GOOD', '$argon2id$v=19$m=65536,t=4,p=1$ZkRjNVJVaU83M1E1U3EuMg$ANBFNE+qN31RzlANFQGVsFoqS1LHqLJ/iNlQxt9p1YA', 'GOOD@test.de'),
(951, 'BYERS', '$argon2id$v=19$m=65536,t=4,p=1$ZkRjNVJVaU83M1E1U3EuMg$ANBFNE+qN31RzlANFQGVsFoqS1LHqLJ/iNlQxt9p1YA', 'BYERS@test.de'),
(952, 'KIRKLAND', '$argon2id$v=19$m=65536,t=4,p=1$ZkRjNVJVaU83M1E1U3EuMg$ANBFNE+qN31RzlANFQGVsFoqS1LHqLJ/iNlQxt9p1YA', 'KIRKLAND@test.de'),
(953, 'KIDD', '$argon2id$v=19$m=65536,t=4,p=1$ZkRjNVJVaU83M1E1U3EuMg$ANBFNE+qN31RzlANFQGVsFoqS1LHqLJ/iNlQxt9p1YA', 'KIDD@test.de'),
(954, 'WORKMAN', '$argon2id$v=19$m=65536,t=4,p=1$ZkRjNVJVaU83M1E1U3EuMg$ANBFNE+qN31RzlANFQGVsFoqS1LHqLJ/iNlQxt9p1YA', 'WORKMAN@test.de'),
(955, 'CARNEY', '$argon2id$v=19$m=65536,t=4,p=1$ZkRjNVJVaU83M1E1U3EuMg$ANBFNE+qN31RzlANFQGVsFoqS1LHqLJ/iNlQxt9p1YA', 'CARNEY@test.de'),
(956, 'DALE', '$argon2id$v=19$m=65536,t=4,p=1$ZkRjNVJVaU83M1E1U3EuMg$ANBFNE+qN31RzlANFQGVsFoqS1LHqLJ/iNlQxt9p1YA', 'DALE@test.de'),
(957, 'MCLEOD', '$argon2id$v=19$m=65536,t=4,p=1$ZkRjNVJVaU83M1E1U3EuMg$ANBFNE+qN31RzlANFQGVsFoqS1LHqLJ/iNlQxt9p1YA', 'MCLEOD@test.de'),
(958, 'HOLCOMB', '$argon2id$v=19$m=65536,t=4,p=1$ZkRjNVJVaU83M1E1U3EuMg$ANBFNE+qN31RzlANFQGVsFoqS1LHqLJ/iNlQxt9p1YA', 'HOLCOMB@test.de'),
(959, 'ENGLAND', '$argon2id$v=19$m=65536,t=4,p=1$ZkRjNVJVaU83M1E1U3EuMg$ANBFNE+qN31RzlANFQGVsFoqS1LHqLJ/iNlQxt9p1YA', 'ENGLAND@test.de'),
(960, 'FINCH', '$argon2id$v=19$m=65536,t=4,p=1$ZkRjNVJVaU83M1E1U3EuMg$ANBFNE+qN31RzlANFQGVsFoqS1LHqLJ/iNlQxt9p1YA', 'FINCH@test.de'),
(961, 'HEAD', '$argon2id$v=19$m=65536,t=4,p=1$ZkRjNVJVaU83M1E1U3EuMg$ANBFNE+qN31RzlANFQGVsFoqS1LHqLJ/iNlQxt9p1YA', 'HEAD@test.de'),
(962, 'BURT', '$argon2id$v=19$m=65536,t=4,p=1$ZkRjNVJVaU83M1E1U3EuMg$ANBFNE+qN31RzlANFQGVsFoqS1LHqLJ/iNlQxt9p1YA', 'BURT@test.de'),
(963, 'HENDRIX', '$argon2id$v=19$m=65536,t=4,p=1$ZkRjNVJVaU83M1E1U3EuMg$ANBFNE+qN31RzlANFQGVsFoqS1LHqLJ/iNlQxt9p1YA', 'HENDRIX@test.de'),
(964, 'SOSA', '$argon2id$v=19$m=65536,t=4,p=1$ZkRjNVJVaU83M1E1U3EuMg$ANBFNE+qN31RzlANFQGVsFoqS1LHqLJ/iNlQxt9p1YA', 'SOSA@test.de'),
(965, 'HANEY', '$argon2id$v=19$m=65536,t=4,p=1$ZkRjNVJVaU83M1E1U3EuMg$ANBFNE+qN31RzlANFQGVsFoqS1LHqLJ/iNlQxt9p1YA', 'HANEY@test.de'),
(966, 'FRANKS', '$argon2id$v=19$m=65536,t=4,p=1$ZkRjNVJVaU83M1E1U3EuMg$ANBFNE+qN31RzlANFQGVsFoqS1LHqLJ/iNlQxt9p1YA', 'FRANKS@test.de'),
(967, 'SARGENT', '$argon2id$v=19$m=65536,t=4,p=1$ZkRjNVJVaU83M1E1U3EuMg$ANBFNE+qN31RzlANFQGVsFoqS1LHqLJ/iNlQxt9p1YA', 'SARGENT@test.de'),
(968, 'NIEVES', '$argon2id$v=19$m=65536,t=4,p=1$ZkRjNVJVaU83M1E1U3EuMg$ANBFNE+qN31RzlANFQGVsFoqS1LHqLJ/iNlQxt9p1YA', 'NIEVES@test.de'),
(969, 'DOWNS', '$argon2id$v=19$m=65536,t=4,p=1$ZkRjNVJVaU83M1E1U3EuMg$ANBFNE+qN31RzlANFQGVsFoqS1LHqLJ/iNlQxt9p1YA', 'DOWNS@test.de'),
(970, 'RASMUSSEN', '$argon2id$v=19$m=65536,t=4,p=1$ZkRjNVJVaU83M1E1U3EuMg$ANBFNE+qN31RzlANFQGVsFoqS1LHqLJ/iNlQxt9p1YA', 'RASMUSSEN@test.de'),
(971, 'BIRD', '$argon2id$v=19$m=65536,t=4,p=1$ZkRjNVJVaU83M1E1U3EuMg$ANBFNE+qN31RzlANFQGVsFoqS1LHqLJ/iNlQxt9p1YA', 'BIRD@test.de'),
(972, 'HEWITT', '$argon2id$v=19$m=65536,t=4,p=1$ZkRjNVJVaU83M1E1U3EuMg$ANBFNE+qN31RzlANFQGVsFoqS1LHqLJ/iNlQxt9p1YA', 'HEWITT@test.de'),
(973, 'LINDSAY', '$argon2id$v=19$m=65536,t=4,p=1$ZkRjNVJVaU83M1E1U3EuMg$ANBFNE+qN31RzlANFQGVsFoqS1LHqLJ/iNlQxt9p1YA', 'LINDSAY@test.de'),
(974, 'LE', '$argon2id$v=19$m=65536,t=4,p=1$ZkRjNVJVaU83M1E1U3EuMg$ANBFNE+qN31RzlANFQGVsFoqS1LHqLJ/iNlQxt9p1YA', 'LE@test.de'),
(975, 'FOREMAN', '$argon2id$v=19$m=65536,t=4,p=1$ZkRjNVJVaU83M1E1U3EuMg$ANBFNE+qN31RzlANFQGVsFoqS1LHqLJ/iNlQxt9p1YA', 'FOREMAN@test.de'),
(976, 'VALENCIA', '$argon2id$v=19$m=65536,t=4,p=1$ZkRjNVJVaU83M1E1U3EuMg$ANBFNE+qN31RzlANFQGVsFoqS1LHqLJ/iNlQxt9p1YA', 'VALENCIA@test.de'),
(977, 'ONEIL', '$argon2id$v=19$m=65536,t=4,p=1$ZkRjNVJVaU83M1E1U3EuMg$ANBFNE+qN31RzlANFQGVsFoqS1LHqLJ/iNlQxt9p1YA', 'ONEIL@test.de'),
(978, 'DELACRUZ', '$argon2id$v=19$m=65536,t=4,p=1$ZkRjNVJVaU83M1E1U3EuMg$ANBFNE+qN31RzlANFQGVsFoqS1LHqLJ/iNlQxt9p1YA', 'DELACRUZ@test.de'),
(979, 'VINSON', '$argon2id$v=19$m=65536,t=4,p=1$ZkRjNVJVaU83M1E1U3EuMg$ANBFNE+qN31RzlANFQGVsFoqS1LHqLJ/iNlQxt9p1YA', 'VINSON@test.de'),
(980, 'DEJESUS', '$argon2id$v=19$m=65536,t=4,p=1$ZkRjNVJVaU83M1E1U3EuMg$ANBFNE+qN31RzlANFQGVsFoqS1LHqLJ/iNlQxt9p1YA', 'DEJESUS@test.de'),
(981, 'HYDE', '$argon2id$v=19$m=65536,t=4,p=1$ZkRjNVJVaU83M1E1U3EuMg$ANBFNE+qN31RzlANFQGVsFoqS1LHqLJ/iNlQxt9p1YA', 'HYDE@test.de'),
(982, 'FORBES', '$argon2id$v=19$m=65536,t=4,p=1$ZkRjNVJVaU83M1E1U3EuMg$ANBFNE+qN31RzlANFQGVsFoqS1LHqLJ/iNlQxt9p1YA', 'FORBES@test.de'),
(983, 'GILLIAM', '$argon2id$v=19$m=65536,t=4,p=1$ZkRjNVJVaU83M1E1U3EuMg$ANBFNE+qN31RzlANFQGVsFoqS1LHqLJ/iNlQxt9p1YA', 'GILLIAM@test.de'),
(984, 'GUTHRIE', '$argon2id$v=19$m=65536,t=4,p=1$ZkRjNVJVaU83M1E1U3EuMg$ANBFNE+qN31RzlANFQGVsFoqS1LHqLJ/iNlQxt9p1YA', 'GUTHRIE@test.de'),
(985, 'WOOTEN', '$argon2id$v=19$m=65536,t=4,p=1$ZkRjNVJVaU83M1E1U3EuMg$ANBFNE+qN31RzlANFQGVsFoqS1LHqLJ/iNlQxt9p1YA', 'WOOTEN@test.de'),
(986, 'HUBER', '$argon2id$v=19$m=65536,t=4,p=1$ZkRjNVJVaU83M1E1U3EuMg$ANBFNE+qN31RzlANFQGVsFoqS1LHqLJ/iNlQxt9p1YA', 'HUBER@test.de'),
(987, 'BARLOW', '$argon2id$v=19$m=65536,t=4,p=1$ZkRjNVJVaU83M1E1U3EuMg$ANBFNE+qN31RzlANFQGVsFoqS1LHqLJ/iNlQxt9p1YA', 'BARLOW@test.de'),
(988, 'BOYLE', '$argon2id$v=19$m=65536,t=4,p=1$ZkRjNVJVaU83M1E1U3EuMg$ANBFNE+qN31RzlANFQGVsFoqS1LHqLJ/iNlQxt9p1YA', 'BOYLE@test.de'),
(989, 'MCMAHON', '$argon2id$v=19$m=65536,t=4,p=1$ZkRjNVJVaU83M1E1U3EuMg$ANBFNE+qN31RzlANFQGVsFoqS1LHqLJ/iNlQxt9p1YA', 'MCMAHON@test.de'),
(990, 'BUCKNER', '$argon2id$v=19$m=65536,t=4,p=1$ZkRjNVJVaU83M1E1U3EuMg$ANBFNE+qN31RzlANFQGVsFoqS1LHqLJ/iNlQxt9p1YA', 'BUCKNER@test.de'),
(991, 'ROCHA', '$argon2id$v=19$m=65536,t=4,p=1$ZkRjNVJVaU83M1E1U3EuMg$ANBFNE+qN31RzlANFQGVsFoqS1LHqLJ/iNlQxt9p1YA', 'ROCHA@test.de'),
(992, 'PUCKETT', '$argon2id$v=19$m=65536,t=4,p=1$ZkRjNVJVaU83M1E1U3EuMg$ANBFNE+qN31RzlANFQGVsFoqS1LHqLJ/iNlQxt9p1YA', 'PUCKETT@test.de'),
(993, 'LANGLEY', '$argon2id$v=19$m=65536,t=4,p=1$ZkRjNVJVaU83M1E1U3EuMg$ANBFNE+qN31RzlANFQGVsFoqS1LHqLJ/iNlQxt9p1YA', 'LANGLEY@test.de'),
(994, 'KNOWLES', '$argon2id$v=19$m=65536,t=4,p=1$ZkRjNVJVaU83M1E1U3EuMg$ANBFNE+qN31RzlANFQGVsFoqS1LHqLJ/iNlQxt9p1YA', 'KNOWLES@test.de'),
(995, 'COOKE', '$argon2id$v=19$m=65536,t=4,p=1$ZkRjNVJVaU83M1E1U3EuMg$ANBFNE+qN31RzlANFQGVsFoqS1LHqLJ/iNlQxt9p1YA', 'COOKE@test.de'),
(996, 'VELAZQUEZ', '$argon2id$v=19$m=65536,t=4,p=1$ZkRjNVJVaU83M1E1U3EuMg$ANBFNE+qN31RzlANFQGVsFoqS1LHqLJ/iNlQxt9p1YA', 'VELAZQUEZ@test.de'),
(997, 'WHITLEY', '$argon2id$v=19$m=65536,t=4,p=1$ZkRjNVJVaU83M1E1U3EuMg$ANBFNE+qN31RzlANFQGVsFoqS1LHqLJ/iNlQxt9p1YA', 'WHITLEY@test.de'),
(998, 'NOEL', '$argon2id$v=19$m=65536,t=4,p=1$ZkRjNVJVaU83M1E1U3EuMg$ANBFNE+qN31RzlANFQGVsFoqS1LHqLJ/iNlQxt9p1YA', 'NOEL@test.de'),
(999, 'VANG', '$argon2id$v=19$m=65536,t=4,p=1$ZkRjNVJVaU83M1E1U3EuMg$ANBFNE+qN31RzlANFQGVsFoqS1LHqLJ/iNlQxt9p1YA', 'VANG@test.de');

-- --------------------------------------------------------

--
-- Table structure for table `user_recipie`
--

DROP TABLE IF EXISTS `user_recipie`;
CREATE TABLE `user_recipie` (
  `user` int(10) NOT NULL,
  `recipie` text NOT NULL
) ENGINE=InnoDB DEFAULT CHARSET=utf8mb4 COLLATE=utf8mb4_general_ci;

--
-- Dumping data for table `user_recipie`
--

INSERT INTO `user_recipie` (`user`, `recipie`) VALUES
(1, '4e7ca145-0a06-11ee-ac1e-6ea18f847757'),
(1, '8c47dad3-0a09-11ee-ac1e-6ea18f847757');

--
-- Indexes for dumped tables
--

--
-- Indexes for table `category`
--
ALTER TABLE `category`
  ADD PRIMARY KEY (`ID`);

--
-- Indexes for table `country`
--
ALTER TABLE `country`
  ADD PRIMARY KEY (`ID`);

--
-- Indexes for table `ingredient`
--
ALTER TABLE `ingredient`
  ADD PRIMARY KEY (`ID`);

--
-- Indexes for table `recipie`
--
ALTER TABLE `recipie`
  ADD PRIMARY KEY (`id`),
  ADD KEY `country` (`country`);

--
-- Indexes for table `recipie_category`
--
ALTER TABLE `recipie_category`
  ADD PRIMARY KEY (`ID`),
  ADD KEY `recipie` (`recipie`),
  ADD KEY `category` (`category`);

--
-- Indexes for table `recipie_country`
--
ALTER TABLE `recipie_country`
  ADD PRIMARY KEY (`ID`);

--
-- Indexes for table `recipie_ingredient`
--
ALTER TABLE `recipie_ingredient`
  ADD PRIMARY KEY (`ID`),
  ADD KEY `recipie` (`recipie`),
  ADD KEY `ingredigent` (`ingredient`) USING BTREE;

--
-- Indexes for table `recipie_tag`
--
ALTER TABLE `recipie_tag`
  ADD PRIMARY KEY (`ID`);

--
-- Indexes for table `tag`
--
ALTER TABLE `tag`
  ADD PRIMARY KEY (`ID`);

--
-- Indexes for table `user_pass`
--
ALTER TABLE `user_pass`
  ADD PRIMARY KEY (`ID`);

--
-- AUTO_INCREMENT for dumped tables
--

--
-- AUTO_INCREMENT for table `category`
--
ALTER TABLE `category`
  MODIFY `ID` int(11) NOT NULL AUTO_INCREMENT, AUTO_INCREMENT=4;

--
-- AUTO_INCREMENT for table `country`
--
ALTER TABLE `country`
  MODIFY `ID` int(11) NOT NULL AUTO_INCREMENT, AUTO_INCREMENT=6;

--
-- AUTO_INCREMENT for table `ingredient`
--
ALTER TABLE `ingredient`
  MODIFY `ID` int(11) NOT NULL AUTO_INCREMENT, AUTO_INCREMENT=11;

--
-- AUTO_INCREMENT for table `recipie_category`
--
ALTER TABLE `recipie_category`
  MODIFY `ID` int(11) NOT NULL AUTO_INCREMENT, AUTO_INCREMENT=28;

--
-- AUTO_INCREMENT for table `recipie_country`
--
ALTER TABLE `recipie_country`
  MODIFY `ID` int(11) NOT NULL AUTO_INCREMENT, AUTO_INCREMENT=7;

--
-- AUTO_INCREMENT for table `recipie_ingredient`
--
ALTER TABLE `recipie_ingredient`
  MODIFY `ID` int(11) NOT NULL AUTO_INCREMENT, AUTO_INCREMENT=73;

--
-- AUTO_INCREMENT for table `recipie_tag`
--
ALTER TABLE `recipie_tag`
  MODIFY `ID` int(11) NOT NULL AUTO_INCREMENT, AUTO_INCREMENT=17;

--
-- AUTO_INCREMENT for table `tag`
--
ALTER TABLE `tag`
  MODIFY `ID` int(11) NOT NULL AUTO_INCREMENT, AUTO_INCREMENT=15;

--
-- AUTO_INCREMENT for table `user_pass`
--
ALTER TABLE `user_pass`
  MODIFY `ID` int(11) NOT NULL AUTO_INCREMENT, AUTO_INCREMENT=1000;

--
-- Constraints for dumped tables
--

--
-- Constraints for table `recipie`
--
ALTER TABLE `recipie`
  ADD CONSTRAINT `country` FOREIGN KEY (`country`) REFERENCES `country` (`ID`) ON DELETE SET NULL;
COMMIT;

/*!40101 SET CHARACTER_SET_CLIENT=@OLD_CHARACTER_SET_CLIENT */;
/*!40101 SET CHARACTER_SET_RESULTS=@OLD_CHARACTER_SET_RESULTS */;
/*!40101 SET COLLATION_CONNECTION=@OLD_COLLATION_CONNECTION */;
